,feature_0,feature_1,feature_2,feature_3,feature_4,feature_5,feature_6,feature_7,feature_8,feature_9,feature_10,feature_11,feature_12,feature_13,feature_14,feature_15,feature_16,feature_17,feature_18,feature_19,feature_20,feature_21
TCGA-2F-A9KO,-0.57055366,-0.72741497,-0.4069558,0.48593172,0.30282047,-0.73578805,-0.24025702,0.33259872,-0.66793394,-0.14514047,-0.82406557,0.55322206,0.4006355,-0.41459867,-0.94471276,-0.50946647,-0.5282742,-0.8523898,-0.46544105,-0.41728956,-0.0277153,1.08933
TCGA-2F-A9KQ,-0.48414454,-0.5756821,0.21018693,-0.73174405,0.81768847,-0.56021833,-0.85115415,1.3935343,-0.19052139,0.4589458,-0.99395037,1.4855444,1.5645051,-0.41886178,-0.71775496,0.8260036,0.19416323,-1.110173,0.4664235,-1.1029558,-0.5279244,0.03155428
TCGA-2F-A9KR,-0.8377416,-0.8333382,-0.26923302,0.5827505,0.08484152,-0.52729684,-0.3210501,0.055142794,-0.43092313,0.068542,-1.2605813,0.4934824,0.061762184,-0.32080662,-1.063141,-0.772287,-0.78490365,-0.81644195,-0.7669602,-0.1525965,-0.26679125,1.196169
TCGA-2F-A9KT,-0.58279634,-0.43833923,0.07090437,0.2387723,0.069514364,-0.3870657,-0.22812313,0.27538645,-0.22495002,0.20655967,-0.877987,0.5248672,0.3786101,-0.14432487,-0.44675097,-0.17183357,-0.4772701,-0.36136854,-0.24000756,-0.24320978,-0.17577884,0.71213186
TCGA-4Z-AA7M,0.046718717,0.17656034,-0.5702134,0.24881461,0.469853,-1.2765658,0.22658958,0.82366645,-0.9695177,-0.063038796,-0.032240123,0.3363225,1.2769465,-0.4129401,0.04795254,0.04827692,0.15812722,-0.4826396,0.56709653,-0.7670451,0.3765278,0.5327815
TCGA-4Z-AA7O,-0.42358664,-0.4607654,0.06725719,-0.4074288,0.63744247,-0.5836285,-0.5557308,1.0681008,-0.27930772,0.33201367,-0.81285906,1.0893189,1.2583878,-0.37682167,-0.566244,0.5182077,0.044211566,-0.86694187,0.28600538,-0.90567464,-0.30344683,0.22237432
TCGA-4Z-AA7Q,-0.24860452,-0.360371,-0.5602074,0.46993664,0.4345592,-1.2132437,-0.084352255,0.631633,-1.0268109,-0.20248774,-0.41877717,0.49378094,0.8540133,-0.4249498,-0.5113795,-0.37645978,-0.2759123,-0.6121339,0.010566071,-0.46804917,0.21729064,0.99570537
TCGA-4Z-AA7R,0.4047818,0.5247436,-1.189835,-0.093324766,1.59875,-2.336288,0.13130647,2.2795503,-1.7722529,-0.17915803,0.32439575,0.89601696,2.9227054,-0.9677925,-0.17561862,0.8539235,0.79335654,-1.231362,1.6682172,-2.0515957,0.6272874,0.14027162
TCGA-4Z-AA7S,-0.29086834,-0.2738826,0.097962126,-0.5422492,0.4721264,-0.5521629,-0.43047374,1.0729572,-0.15693945,0.40461636,-0.6857035,1.0346261,1.3581007,-0.29154196,-0.30267623,0.6391511,0.21474013,-0.70851964,0.5444843,-0.8262241,-0.28695258,0.069217205
TCGA-4Z-AA7W,0.21255636,0.15824318,-1.70515,1.1186423,1.1357899,-2.6435547,0.34715128,1.3225702,-2.392603,-0.73193026,0.36837432,0.1973699,1.8721563,-1.0147288,-0.48955145,-0.551107,-0.07373009,-1.0761877,0.59461814,-1.2255366,0.8654207,1.4767654
TCGA-4Z-AA7Y,0.085906714,0.36654347,-0.20368761,-0.6349048,0.60290766,-1.1046101,-0.06811553,1.5028615,-0.48691893,0.38848373,-0.19539344,0.9048345,2.1449106,-0.4081726,0.113922626,0.899326,0.63023496,-0.70462066,1.2736769,-1.1958177,0.08144959,-0.15369618
TCGA-4Z-AA80,0.13075817,0.21076626,-0.69830686,-0.07796386,1.0485687,-1.599009,0.0043174326,1.5714821,-1.159298,-0.015520304,-0.026781112,0.7649497,2.0587268,-0.64207673,-0.17369089,0.5825543,0.45095304,-0.8830451,1.0515821,-1.4004714,0.34434405,0.23265827
TCGA-4Z-AA81,-0.12671942,-0.13799685,-0.7495687,0.5860511,0.6300981,-1.6267469,0.022708714,0.8974512,-1.3449374,-0.2882417,-0.23393591,0.44610792,1.2084765,-0.5430721,-0.4143426,-0.29235741,-0.24461508,-0.6084376,0.21659277,-0.6380273,0.36837453,1.0547171
TCGA-4Z-AA82,-0.09173237,-0.06624815,-0.5375066,0.47063446,0.4467009,-1.4170951,0.044323236,0.8079227,-1.1332169,-0.17447504,-0.2412077,0.44160572,1.127403,-0.4139361,-0.22264886,-0.1884951,-0.17174135,-0.4039209,0.2824068,-0.4737717,0.32736057,0.9122387
TCGA-4Z-AA83,-0.08249198,0.33668578,0.12682253,-0.8194979,0.21761438,-0.6075643,-0.12154406,1.1640728,0.03097927,0.62430334,-0.38367945,0.84024817,1.7664434,-0.23267049,0.2522099,0.85530764,0.55701256,-0.49908262,1.0829132,-0.92595035,-0.11609311,-0.22851628
TCGA-4Z-AA84,0.3875403,0.71314734,-1.29403,0.42989516,1.2925446,-2.3742223,0.46650735,1.8115169,-1.8640162,-0.29094025,0.4663348,0.35768536,2.445995,-0.90355784,0.060401306,0.38805422,0.46575078,-0.83756214,1.3176209,-1.644496,0.8264109,0.5622035
TCGA-4Z-AA86,-0.3701737,-0.5773183,-0.8070494,0.68066853,0.67376816,-1.4901986,-0.18450987,0.76564217,-1.341309,-0.40379062,-0.50184786,0.5879907,0.9117023,-0.5965626,-0.94219065,-0.5723216,-0.47885087,-0.9552639,-0.14699493,-0.64963716,0.23222992,1.3139398
TCGA-4Z-AA87,0.0065940917,0.11050524,-0.4815637,0.16173008,0.47964653,-1.1697915,0.16708851,0.8754226,-0.8488172,-0.027056873,-0.125938,0.40317675,1.2554473,-0.3840526,0.0011600032,0.14615962,0.14271912,-0.46813077,0.5622323,-0.76293844,0.309232,0.44625545
TCGA-4Z-AA89,-0.057886556,0.39094254,0.06797553,-0.6868978,0.22377053,-0.6949106,-0.0550043,1.1189936,-0.072094776,0.5678185,-0.3297484,0.7417389,1.7442309,-0.2478449,0.2770526,0.77906066,0.4945607,-0.4520291,1.0365479,-0.8817232,-0.033206232,-0.14051384
TCGA-5N-A9KI,-0.2332257,-0.27785316,-0.5368421,0.36284065,0.43582186,-1.06319,-0.004121214,0.628533,-0.8667592,-0.10068557,-0.38012183,0.45690745,0.857676,-0.41228366,-0.4293475,-0.24087778,-0.17680576,-0.63039106,0.066032276,-0.6006088,0.20001692,0.81654
TCGA-BL-A0C8,-0.92121196,1.0637296,-0.5766908,0.35605648,0.06097099,-0.058432847,0.9594129,0.23161109,0.1907329,1.3867136,0.16870782,-1.0027632,1.3034927,-0.9024173,-0.23444942,1.4062074,0.63980424,-1.7511265,-0.11153363,-2.6092045,0.16418207,-0.23583174
TCGA-BL-A13I,-1.2606598,0.3958267,-1.4343245,1.6513116,-0.04647076,-0.5700322,1.1999204,-0.6854965,-0.7933723,0.7787261,-0.017247766,-1.6651858,0.3946923,-1.0015575,-0.6983814,-0.14085037,0.32898453,-1.9723135,-1.04081,-1.8926976,0.14176038,0.96794873
TCGA-BL-A13J,-0.6560626,0.85356444,-0.7250653,0.765512,0.1266717,-0.5713317,0.95224124,0.15966968,-0.3856377,0.818257,0.23153839,-0.9462272,1.032806,-0.6801497,-0.0393683,0.70831597,0.28183797,-1.1126765,-0.15120013,-1.8744001,0.34219193,0.29371747
TCGA-BL-A3JM,-0.8305706,0.72359115,-1.1863495,1.0903974,0.69425344,-0.83409923,0.89985526,0.34068477,-0.83481246,0.75061977,0.06025186,-0.8509222,1.2552662,-1.2254511,-0.58790505,0.4479441,0.3894535,-1.9284602,-0.30087322,-2.3907547,0.32077712,0.5198437
TCGA-BT-A0S7,-1.3209347,0.28247455,-0.99002767,1.3502214,-0.112820774,-0.14892884,1.0495126,-0.6940678,-0.38024467,0.92516506,-0.31196922,-1.4172744,0.2465935,-0.8550075,-0.6675204,-0.012230415,0.29522717,-1.845703,-1.06248,-1.6787586,-0.015144266,0.69843066
TCGA-BT-A0YX,-0.68664414,1.046241,-0.64242077,0.68756545,-0.038026735,-0.54561657,1.0324628,0.15487505,-0.285755,0.9514965,0.30744705,-1.080375,1.0982535,-0.61944085,0.11044371,0.869593,0.32267156,-1.046964,-0.08505951,-1.876554,0.36150578,0.25111938
TCGA-BT-A20J,-0.5611042,0.37695545,-0.53461146,0.598619,0.22730672,-0.51993734,0.62271065,0.20306344,-0.4040227,0.5733831,-0.1488668,-0.40291002,0.8173305,-0.58494186,-0.22693953,0.2622845,0.11321685,-0.97006416,-0.15260695,-1.2904189,0.18600601,0.42477092
TCGA-BT-A20N,-0.49423584,0.8599922,-0.7889961,0.6588418,0.36085042,-0.74605376,0.8497632,0.41638145,-0.49937713,0.6871666,0.25231645,-0.6955236,1.2136257,-0.7495295,-0.12606063,0.70650864,0.25249577,-1.1441915,0.04375489,-1.9622784,0.43378937,0.26918662
TCGA-BT-A20O,-0.3928261,1.6454558,-2.4515307,2.0878255,1.0827711,-2.527804,1.7352123,0.93617433,-2.3967438,0.16860178,1.2700796,-1.7923687,2.2851868,-1.6083088,-0.094816744,0.48540244,0.5112493,-1.9870323,0.38677597,-3.1005986,1.1497668,1.1227375
TCGA-BT-A20P,-0.6709794,1.258375,-0.865184,0.4020373,0.4357737,-0.6110661,1.0136197,0.63961387,-0.22979736,1.1823417,0.47666898,-0.93704474,1.6931114,-0.9618114,-0.18015078,1.4517736,0.6290246,-1.7047647,0.21170433,-2.8288038,0.45138803,-0.1527344
TCGA-BT-A20Q,-1.1806729,1.31467,-0.67219734,0.8559984,-0.46048507,-0.08788325,1.4225078,-0.26430663,0.085033946,1.5110177,0.35983333,-1.8670968,0.9275912,-0.7043872,0.19335508,1.188281,0.54355705,-1.3379558,-0.3914668,-2.2571628,0.2106883,0.1661633
TCGA-BT-A20R,-0.96006536,0.22333553,-0.6981843,0.97226596,-0.117207915,-0.21176168,0.78707165,-0.44800147,-0.26952767,0.7146684,-0.29693705,-0.9082726,0.3068728,-0.6368901,-0.43729374,0.00943267,0.14444447,-1.3028549,-0.7406383,-1.2709057,0.016462974,0.63271886
TCGA-BT-A20T,-0.80470645,0.7269086,-0.52244985,0.77849805,-0.24706818,-0.29257995,0.98086923,-0.18295492,-0.16273975,0.89679515,0.059663355,-1.1010798,0.6745931,-0.48730335,0.084794775,0.5453503,0.225615,-0.89997566,-0.34797728,-1.4255042,0.17026144,0.37203357
TCGA-BT-A20U,-0.754645,0.71510184,-0.8815319,1.0653195,-0.026843727,-0.66559714,1.0368075,-0.13986985,-0.5749805,0.7160356,0.14747056,-1.1781179,0.7278141,-0.63338983,-0.028012425,0.33430624,0.2490733,-1.0675286,-0.3738494,-1.5165374,0.28108168,0.5715282
TCGA-BT-A20V,-0.34350383,1.2584369,-1.450326,1.1795175,0.7729647,-1.5711883,1.1729376,0.8120897,-1.3150799,0.40024439,0.7060571,-1.021944,1.7853326,-1.116287,-0.043046117,0.6968213,0.3696623,-1.4059078,0.34963775,-2.4583147,0.8094635,0.5824811
TCGA-BT-A20W,-1.0293016,0.33420256,-0.59320545,0.9416706,-0.23278508,-0.0904686,0.8804759,-0.49857458,-0.1405432,0.88998914,-0.280779,-1.0952804,0.29541418,-0.5849404,-0.27547964,0.17913747,0.22976848,-1.2669729,-0.7566845,-1.2913928,-0.021242298,0.48100206
TCGA-BT-A20X,-0.66297317,1.3243883,-1.5333564,1.497716,0.42422596,-1.4021341,1.462532,0.33613953,-1.2863573,0.6484281,0.72523355,-1.6238729,1.4448483,-1.0345111,0.06654528,0.62319815,0.44002387,-1.4405919,-0.028917924,-2.3703415,0.6946147,0.724474
TCGA-BT-A2LA,-0.5546473,1.5081906,-1.985565,1.1410172,1.6361918,-1.7185531,1.22206,1.3766624,-1.4829688,0.7288226,0.85933936,-1.0158886,2.570329,-1.841753,-0.6407999,1.2579249,0.84411216,-2.6566417,0.54599124,-4.016265,0.90502393,0.2235481
TCGA-BT-A2LB,-0.94621456,0.9732283,-0.64182717,0.71199685,-0.052467585,-0.19309005,1.0784702,0.0033233874,-0.047223575,1.2017866,0.177318,-1.1970676,1.0468959,-0.7940477,-0.1262066,1.0289874,0.4486275,-1.4673162,-0.31383836,-2.2426076,0.1883736,0.09435594
TCGA-BT-A2LD,-0.6696731,-0.056042656,-0.34146303,0.6161628,-0.3018113,-0.25342262,0.49818042,-0.3498182,-0.20917207,0.45974836,-0.48300242,-0.44888833,0.16611344,-0.23439327,-0.1803424,-0.24498928,-0.014741465,-0.64091855,-0.47318435,-0.44295922,-0.0428494,0.6136371
TCGA-BT-A3PH,-0.25102258,0.6633635,-0.61803156,0.3002002,0.5279367,-0.8549762,0.5407481,0.7425477,-0.5177496,0.49755424,0.1628696,-0.16230664,1.4445049,-0.6801814,-0.12208289,0.6800173,0.267458,-1.0394157,0.377038,-1.7375019,0.42758024,0.15675722
TCGA-BT-A3PJ,-0.5528765,0.724865,-0.9438875,1.0342479,0.17877856,-0.99006003,0.94838125,0.15583204,-0.85432655,0.5039755,0.23452154,-0.9339398,0.97666264,-0.6697109,0.0048352554,0.24443701,0.21102133,-0.9981943,-0.11087443,-1.4554143,0.4044093,0.6665988
TCGA-BT-A3PK,-1.2029147,-0.31372622,-0.50192285,0.92711544,-0.59683025,-0.10245331,0.6260729,-0.73227555,-0.16382569,0.79643965,-1.057534,-0.8235718,-0.28669587,-0.1634947,-0.47650167,-0.8102018,-0.18258786,-0.7878833,-0.9581515,-0.14835042,-0.34763563,0.92662406
TCGA-BT-A42B,-1.3900747,-0.47267914,-1.7534775,1.831644,-0.17762223,-0.509013,0.9684667,-1.0322043,-0.8774721,0.4882447,-0.5594451,-1.4543222,-0.15879801,-0.9916688,-1.4126643,-1.1440034,0.06796177,-2.3190024,-1.6055944,-1.3564849,-0.059471615,1.4599288
TCGA-BT-A42C,-0.6412165,0.7669817,-0.53730404,0.32100344,0.22466874,-0.32984686,0.7260379,0.3710467,-0.079716094,0.9826871,0.09270629,-0.5812938,1.2422438,-0.75627893,-0.18883678,0.9889713,0.43552598,-1.370985,0.023617133,-2.0867932,0.20190492,-0.030976892
TCGA-BT-A42E,-0.07808848,-0.045674797,-0.6117745,0.5792538,0.3132839,-1.3919816,0.16462162,0.5899558,-1.1544354,-0.2543448,-0.17688306,0.2724436,0.9835948,-0.39630684,-0.18072423,-0.3681313,-0.21844937,-0.40113378,0.22286828,-0.38597375,0.37003386,1.0046492
TCGA-C4-A0EZ,-1.411422,-0.28482598,-1.3526213,1.5550702,-0.21031427,-0.21150081,0.9323493,-0.9678164,-0.53195804,0.7323911,-0.60793865,-1.3859919,-0.13614553,-0.8796312,-1.172806,-0.75416166,0.12531671,-2.1063144,-1.5001192,-1.3552935,-0.13419703,1.1346735
TCGA-C4-A0F0,-1.1024647,-0.14788575,-1.1796377,1.3793013,-0.1653727,-0.43666708,0.838089,-0.7162646,-0.6580169,0.49992794,-0.39612257,-1.0993682,0.089382514,-0.7289731,-0.8369864,-0.59033877,0.106980264,-1.6536139,-1.0523634,-1.1567686,-0.017184712,1.078226
TCGA-C4-A0F1,-0.87608707,1.1752772,-0.8975733,0.9371494,0.0679234,-0.51308143,1.2619076,0.077484325,-0.32703215,1.1311677,0.43315658,-1.436113,1.1244916,-0.80523396,-0.06538288,1.0385522,0.43290916,-1.427863,-0.27159327,-2.3945282,0.40280873,0.21391663
TCGA-C4-A0F6,-0.73109025,0.7820198,-0.5976325,0.5610683,0.106870264,-0.28970903,0.8679088,0.15238397,-0.11732528,0.977049,0.110176295,-0.8309052,1.0384611,-0.74208736,-0.19667897,0.8902653,0.3642269,-1.3505143,-0.19359405,-2.0489368,0.22043756,0.075383425
TCGA-C4-A0F7,-0.66093826,0.7683775,-0.8463736,0.6672208,0.56044436,-0.5874193,0.77049726,0.42607167,-0.450545,0.8162056,0.08258915,-0.6149439,1.309794,-1.0325495,-0.41573057,0.760843,0.3896707,-1.6280229,-0.081201404,-2.3068483,0.29156312,0.19112778
TCGA-CF-A1HR,-0.87757826,0.50709885,-0.24924514,0.44655895,-0.32153398,0.12730913,0.75825036,-0.20810369,0.21879092,1.0506467,-0.21385403,-0.8258804,0.6187341,-0.53412086,-0.06957027,0.64481354,0.29340306,-1.0817846,-0.38945907,-1.4009836,-0.06515439,0.15207717
TCGA-CF-A1HS,-0.64511275,0.7202144,-0.77038515,0.9476778,0.06804797,-0.74439114,0.9335046,0.042503458,-0.621334,0.647854,0.15071496,-0.9467356,0.84962606,-0.6078026,0.009549685,0.33664697,0.21337867,-0.97189885,-0.21739231,-1.443907,0.32268155,0.56620705
TCGA-CF-A27C,-0.65425825,1.1630191,-0.095250465,-0.8232695,0.3062627,-0.13227151,0.43377203,1.1449612,0.54018766,1.5825043,0.048173815,0.040992044,2.1373143,-0.6984197,-0.08416,1.9799509,0.93556225,-1.6661376,0.8704522,-2.6405225,-0.014487676,-0.73729527
TCGA-CF-A3MF,-0.5541053,0.8396912,0.0841755,-0.9280092,0.29570428,-0.067937955,0.19046178,1.106203,0.56655186,1.3910704,-0.16841543,0.3997951,1.9386667,-0.56968045,-0.088038564,1.6711252,0.80611837,-1.4065417,0.85207564,-2.1592302,-0.12733144,-0.6454104
TCGA-CF-A3MG,-0.47236845,1.1535004,-0.6443262,-0.19826931,0.6530119,-0.5906058,0.65169907,1.1212004,-0.054010652,1.1713547,0.33194694,-0.2598857,2.1167188,-0.9302022,-0.25571194,1.7216654,0.7677188,-1.7854186,0.698411,-2.8897214,0.33456126,-0.47935313
TCGA-CF-A3MH,-0.9234636,0.6756237,-0.16619769,0.2703965,-0.46919447,0.19552316,0.8170039,-0.1745208,0.37062466,1.2513667,-0.14041254,-0.9474671,0.6878666,-0.4500778,0.09321647,0.8343581,0.39038798,-0.9812642,-0.2561081,-1.4340317,-0.061910607,0.0644474
TCGA-CF-A3MI,-0.4416833,0.7343074,-0.038693488,-0.6476285,0.2383475,-0.22150789,0.25950903,0.9330281,0.34545046,1.1130351,-0.1247741,0.25325486,1.6998745,-0.50138867,-0.02577208,1.3788539,0.6440307,-1.1688551,0.72702235,-1.8613694,-0.009503536,-0.4490956
TCGA-CF-A47S,-0.10997149,0.46293893,0.28195938,-1.234276,0.2558961,-0.5039335,-0.24183407,1.4255517,0.2735545,0.86558235,-0.45767325,1.0502188,2.1188834,-0.23536488,0.28317088,1.2118411,0.7694824,-0.6324317,1.3854381,-1.1328093,-0.21956617,-0.51902306
TCGA-CF-A47T,-0.21730754,-0.14869398,0.038052715,-0.61317813,0.5737381,-0.6699411,-0.40676934,1.212707,-0.234431,0.42919254,-0.58578336,1.0738617,1.5754843,-0.33414337,-0.26019812,0.7541639,0.3465924,-0.771259,0.7169191,-0.98686284,-0.2167679,-0.024047792
TCGA-CF-A47V,-0.24499553,0.006494675,0.3206747,-1.1273632,0.42680296,-0.47339714,-0.5645907,1.4232892,0.14592403,0.7540654,-0.7143894,1.3282826,1.8855311,-0.27458334,-0.09155682,1.1021899,0.57143116,-0.7776066,1.0363059,-1.0238047,-0.43495658,-0.30052018
TCGA-CF-A47W,-0.07622489,0.4848831,0.21153095,-1.2878325,0.379773,-0.59509087,-0.24477744,1.575817,0.2133491,0.85540545,-0.41848662,1.1086451,2.287948,-0.29083058,0.2369718,1.3146679,0.83623827,-0.73450077,1.4971741,-1.3019183,-0.19323975,-0.5828088
TCGA-CF-A47Y,-0.18567613,0.1529929,0.25612542,-0.7514538,0.06904149,-0.370786,-0.20879501,0.89057136,0.16577186,0.64121765,-0.5561938,0.82418627,1.3811761,-0.14163649,0.17430642,0.70666605,0.37817547,-0.39595863,0.75518715,-0.64943635,-0.2296488,-0.121349126
TCGA-CF-A5U8,-0.29989114,0.1996634,0.4185729,-1.2813654,0.3112186,-0.2035648,-0.4458909,1.3342049,0.4599006,1.0126324,-0.6634317,1.2579001,1.8937373,-0.26480672,0.016804487,1.1940764,0.7145746,-0.8452526,1.0970337,-1.1813264,-0.44718164,-0.5114651
TCGA-CF-A5UA,-0.0031925738,0.25531575,0.05777245,-1.1027975,0.59101665,-0.7914891,-0.305503,1.6458261,-0.12185208,0.65999794,-0.40923655,1.2290398,2.2792022,-0.34863856,0.020996943,1.2043581,0.80581987,-0.85145223,1.4186692,-1.2884421,-0.18860006,-0.44853884
TCGA-CF-A8HX,-0.4502442,-0.59154004,0.018428318,-0.55126214,0.99167013,-0.76317346,-0.78979445,1.4603456,-0.4304953,0.3096758,-0.91520417,1.4086596,1.6072898,-0.5087977,-0.82835746,0.7391699,0.13077858,-1.1676673,0.42850387,-1.2161312,-0.37617686,0.1326161
TCGA-CF-A8HY,-0.35820806,-0.55483955,-0.10399429,-0.69005734,1.2367029,-0.9720933,-0.83367175,1.8112139,-0.55813634,0.3203997,-0.82887626,1.5912968,1.9952711,-0.60225356,-0.8782768,0.9666249,0.30940875,-1.3404812,0.69214326,-1.5008655,-0.3702439,0.0038626194
TCGA-CF-A9FF,-0.41107324,-0.33612043,0.16001216,-0.28442907,0.21941927,-0.29573327,-0.3099032,0.6083549,-0.021023914,0.38170528,-0.7576729,0.7536881,0.8394121,-0.21038675,-0.2975153,0.30177423,-0.03937631,-0.5579868,0.12478717,-0.5713235,-0.2690116,0.24195877
TCGA-CF-A9FH,-0.3620834,-0.14966044,0.2733358,-1.1333389,0.69294834,-0.4292798,-0.67113084,1.547196,0.14003588,0.7933656,-0.7760726,1.467963,1.9348369,-0.37260774,-0.37595078,1.1820679,0.5670458,-1.0690881,0.94329375,-1.3232584,-0.484365,-0.34214658
TCGA-CF-A9FL,-0.4645483,-0.57450044,0.12684532,-0.44224745,0.6167971,-0.53090644,-0.6747702,1.0940104,-0.2493602,0.32826114,-0.9201211,1.2206331,1.2326012,-0.36858302,-0.65645146,0.5282977,0.008313477,-0.89660645,0.24136116,-0.8595889,-0.39138573,0.25790837
TCGA-CF-A9FM,-0.22389615,0.27380064,0.38522795,-1.1706734,0.17972586,-0.2758836,-0.33698994,1.2185699,0.3847219,0.92236936,-0.5980573,1.0978109,1.8120184,-0.21933323,0.16357712,1.0731128,0.654904,-0.64671725,1.0930821,-0.9812847,-0.3602673,-0.41960883
TCGA-CU-A0YN,-1.5368031,-0.30032983,-0.6697642,1.1620684,-0.74580896,-0.00036810338,0.80878866,-0.9846821,-0.13860893,1.0763575,-1.2046163,-1.2478002,-0.4780071,-0.19929081,-0.55764854,-0.9510022,-0.12566562,-0.9700329,-1.2462664,-0.18862768,-0.45527935,0.998881
TCGA-CU-A3KJ,-0.55171037,0.50157946,-0.8534446,0.80094343,0.48724523,-0.87503195,0.7250791,0.41027847,-0.7521561,0.5073209,0.0060356557,-0.48800966,1.0827305,-0.78963256,-0.29463845,0.2535918,0.17357412,-1.2031565,-0.08211303,-1.5997422,0.31322077,0.55924547
TCGA-CU-A3QU,-0.14820638,0.71325046,-0.6841213,-0.32167372,1.0796819,-0.87640166,0.25392625,1.4320124,-0.38692573,0.68681574,0.19873324,0.4177741,2.2456973,-0.9203816,-0.39475068,1.4228749,0.74576235,-1.7163249,0.96698433,-2.6621845,0.34849885,-0.47801483
TCGA-CU-A3YL,-0.82454395,1.0289294,-0.48040307,0.32224604,-0.15470143,-0.1465756,0.96353215,0.15959625,0.17829996,1.2832948,0.17768165,-1.0318764,1.1153009,-0.64230645,0.03994973,1.1814185,0.5066875,-1.2334328,-0.045113355,-2.0585518,0.17712554,-0.046951443
TCGA-CU-A5W6,-0.49733114,-0.60154814,-0.23680672,0.16186345,0.6924211,-0.92094314,-0.4952572,0.9810785,-0.7063927,0.015575141,-0.8454275,0.9476366,0.98386383,-0.48449948,-0.84406495,0.040732186,-0.33175528,-0.8708232,-0.081017695,-0.7773173,-0.10059216,0.7550595
TCGA-CU-A72E,-0.3170322,-0.40264758,-0.3019185,-0.056888312,0.91109526,-1.1476345,-0.47535056,1.3080581,-0.799326,0.06939085,-0.640377,1.0148368,1.4365807,-0.5218767,-0.6512977,0.34859234,-0.060561575,-0.87905914,0.3009137,-1.0114274,-0.052684903,0.5193349
TCGA-DK-A1A3,-0.68048024,0.3272553,-0.41996932,0.58579266,-0.06041661,-0.23843946,0.64821184,-0.10252634,-0.14258757,0.69430983,-0.2218865,-0.5685617,0.56386596,-0.48957637,-0.14163604,0.28441915,0.13772774,-0.92521554,-0.35591847,-1.1669478,0.050438195,0.35865787
TCGA-DK-A1A5,-0.7740891,1.164582,-0.7523436,0.78664017,-0.012431085,-0.5639908,1.1479716,0.1373518,-0.30895016,1.0458997,0.38542232,-1.2752061,1.180011,-0.703741,0.09859937,0.97802347,0.39722845,-1.2009429,-0.11292781,-2.1222358,0.39337575,0.222226
TCGA-DK-A1A6,-0.34503344,1.3264085,-1.1819209,0.7475823,0.8019986,-1.3051205,0.9927164,0.9534999,-0.920937,0.6758272,0.68203914,-0.7908995,1.9604961,-1.0865777,-0.13295338,1.0901368,0.4768115,-1.5622177,0.45614302,-2.7642457,0.770252,0.17944354
TCGA-DK-A1AA,-0.955793,1.2013136,-0.33800638,0.22654101,-0.38507175,-0.02870433,1.0412726,0.10321869,0.32161865,1.4978842,0.16749176,-1.2135686,1.1726667,-0.5865802,0.21471031,1.3181467,0.5723938,-1.1757673,-0.00028803945,-2.016296,0.11294041,-0.0734275
TCGA-DK-A1AB,-1.0429851,0.71464676,-0.4166304,0.721927,-0.39226127,0.02018398,1.0124675,-0.36188185,0.090867184,1.145496,-0.07918653,-1.2642795,0.5575571,-0.53853464,0.02830606,0.6313769,0.32486507,-1.0965279,-0.50960606,-1.4907165,0.008526735,0.3157383
TCGA-DK-A1AC,-0.3561796,0.9827954,-1.111877,0.64917505,0.9380604,-1.1795833,0.799241,0.97158074,-0.8920662,0.56629443,0.4316747,-0.46007618,1.8384701,-1.1063832,-0.32581863,0.861668,0.43227312,-1.5932115,0.427468,-2.5796478,0.62418586,0.20131561
TCGA-DK-A1AD,-0.95184004,0.6555115,-0.43231106,0.62547976,-0.26415673,0.030607626,0.9146912,-0.2336763,0.111580655,1.0957544,-0.085777044,-1.0721043,0.67270786,-0.6275916,-0.08344975,0.71947736,0.3515257,-1.2315311,-0.44818163,-1.6732111,0.019532643,0.17725557
TCGA-DK-A1AE,-0.4257508,0.91665673,-0.89554816,0.79144496,0.4145275,-0.9718828,0.88980854,0.4873455,-0.73700565,0.56312925,0.3432593,-0.7348733,1.3216107,-0.79055417,-0.0473499,0.6227476,0.26346067,-1.1151714,0.1340727,-1.9291294,0.5155521,0.38788316
TCGA-DK-A1AF,-1.0019944,0.4568762,-0.9799727,1.2094505,-0.11643076,-0.44363803,1.0053163,-0.4855028,-0.50480294,0.7581388,-0.05202058,-1.300587,0.42678836,-0.72145164,-0.3411665,0.071645215,0.25222352,-1.3904542,-0.7426013,-1.5151975,0.13956794,0.72187513
TCGA-DK-A1AG,-0.82209015,1.1140695,-0.3872521,0.09389841,-0.09376021,-0.120599456,0.8925051,0.34125188,0.27363342,1.4100559,0.16288826,-0.8742242,1.3310791,-0.66458195,0.025227174,1.3811083,0.5907215,-1.3193902,0.1160091,-2.1927762,0.14180371,-0.17881656
TCGA-DK-A2HX,-0.89195144,0.5642331,-0.74260235,0.9791386,-0.057932884,-0.38735786,0.9541815,-0.26882663,-0.33844256,0.8132267,-0.033703595,-1.1017495,0.570668,-0.6425044,-0.17111155,0.32202068,0.23760965,-1.2127842,-0.54092914,-1.5148995,0.1348733,0.50868887
TCGA-DK-A2I1,-0.63215876,1.0818932,-0.85962194,0.4491997,0.464864,-0.58864194,0.92847586,0.5706741,-0.2665939,1.040646,0.39496192,-0.82962835,1.5720892,-0.9426023,-0.2347661,1.2857335,0.5672252,-1.6802517,0.14033231,-2.7093396,0.41720393,-0.12118673
TCGA-DK-A2I2,-0.5119357,0.2458035,-0.32502797,0.5451858,-0.12658957,-0.41450003,0.55936074,-0.05338482,-0.26286733,0.49625456,-0.23810229,-0.39376947,0.47229552,-0.27667126,0.00074474514,0.07355444,0.014488354,-0.53713363,-0.22571002,-0.6970272,0.10937216,0.48886377
TCGA-DK-A2I4,-0.59123135,0.660279,-0.6208788,0.76511633,0.036927223,-0.60213095,0.8335593,0.07135904,-0.44249493,0.65830505,0.09591088,-0.79532355,0.84955823,-0.55241656,0.020059377,0.4110395,0.17218176,-0.8934619,-0.1761272,-1.4088826,0.2863195,0.43921047
TCGA-DK-A3IK,-0.82892466,0.15755829,-0.41550317,0.70325476,-0.2550156,-0.12569761,0.669514,-0.37539792,-0.10270689,0.6894808,-0.3669492,-0.72254336,0.24435802,-0.39659727,-0.19490415,0.024483364,0.10299334,-0.8891513,-0.5694655,-0.87462384,-0.020871423,0.5101471
TCGA-DK-A3IL,-0.60642385,0.24782288,-0.3751955,0.34708697,0.16627643,-0.20602769,0.45778236,0.13848434,-0.0942181,0.6914611,-0.32594454,-0.22070432,0.7869965,-0.6191592,-0.30067903,0.41069433,0.20093724,-1.0959303,-0.22200131,-1.3504632,-0.000944674,0.19729207
TCGA-DK-A3IM,-1.0859582,0.118628204,-0.30167776,0.7610757,-0.60363257,0.031685144,0.74974555,-0.6185599,0.0022691488,0.98883,-0.6340045,-1.0067296,-0.032145858,-0.19696161,-0.07626361,-0.14046837,0.13987523,-0.7308006,-0.7398389,-0.4934304,-0.23466215,0.55313003
TCGA-DK-A3IN,-0.5908718,0.56165296,-0.62296754,0.70664006,0.16613528,-0.59794253,0.7409765,0.12515914,-0.45223105,0.62370193,0.00036925077,-0.6403414,0.82870245,-0.5936936,-0.10402262,0.33238313,0.164181,-0.96351933,-0.17261651,-1.3974264,0.253434,0.4552486
TCGA-DK-A3IQ,-1.1481694,-0.45685336,-1.302032,1.379559,-0.01110737,-0.36873615,0.6591859,-0.6766178,-0.6360509,0.4376159,-0.6369974,-0.8347802,0.017582223,-0.9162901,-1.3359473,-0.8616536,-0.054062754,-2.0292265,-1.3196952,-1.2403126,-0.03966011,1.2294834
TCGA-DK-A3IT,-0.7573745,0.30538383,-0.46818012,0.70339096,-0.1530639,-0.24631599,0.71387386,-0.25402898,-0.15964094,0.67480016,-0.23336591,-0.72467816,0.4096278,-0.44555077,-0.120155185,0.17969805,0.12648627,-0.90506065,-0.47118396,-1.0526813,0.038904898,0.46309862
TCGA-DK-A3IU,-0.52118504,0.45072088,-0.9424453,0.92204624,0.4724194,-1.0453668,0.71293193,0.3983261,-0.9263852,0.39762282,0.04998049,-0.47581688,1.1024598,-0.80713224,-0.3463413,0.109890774,0.13289353,-1.2108561,-0.09573071,-1.5163484,0.35203406,0.7332894
TCGA-DK-A3IV,-0.61145365,-0.015857603,-0.055116065,0.3651496,-0.28444475,-0.044851452,0.4108799,-0.19720405,0.04107824,0.56843925,-0.5136679,-0.21635026,0.25647858,-0.19706845,-0.11097869,-0.021466918,-0.03778702,-0.5074431,-0.34346867,-0.4416298,-0.08544187,0.42562795
TCGA-DK-A3WW,-0.9660262,-0.1622198,-0.4556707,0.80951065,-0.4831675,-0.1330376,0.6275184,-0.6010072,-0.18078765,0.69320905,-0.69894934,-0.7725308,-0.031630635,-0.26301003,-0.3439227,-0.453827,0.0099886805,-0.84215504,-0.7884696,-0.4062231,-0.2074889,0.74880487
TCGA-DK-A3WX,-2.2576263,-0.5652833,-0.97706676,1.6155515,-0.92201173,0.05521901,0.8801585,-1.3953563,-0.16585812,1.4072294,-1.8904066,-1.6169668,-1.0765005,-0.11679647,-0.9306257,-1.706692,-0.40544134,-1.1506715,-1.738065,0.100146115,-0.76006114,1.4688423
TCGA-DK-A3WY,-1.2494098,-0.38512662,-1.8952923,1.9212592,-0.11505774,-0.8001756,0.9966307,-0.9339953,-1.1746055,0.27847493,-0.3518785,-1.4584404,-0.0034748316,-1.0110699,-1.3032686,-1.1585838,0.09119852,-2.2417502,-1.3929464,-1.3776817,0.07657761,1.5729744
TCGA-DK-A3X1,-0.51205873,0.8859834,-0.7950034,0.6371941,0.41165456,-0.7468699,0.8323887,0.4662097,-0.5056009,0.7251249,0.27407512,-0.6809959,1.3301858,-0.8232142,-0.15095612,0.78721446,0.31990516,-1.2854214,0.08001897,-2.118129,0.4221235,0.21350023
TCGA-DK-A3X2,-0.16008145,1.3144879,-1.3628284,0.6819188,1.1882685,-1.6602311,0.8841743,1.3702775,-1.2327433,0.49641213,0.75282156,-0.49127957,2.3479455,-1.2400415,-0.2276156,1.088426,0.5715488,-1.6940074,0.7923138,-2.943917,0.8872778,0.17914069
TCGA-DK-A6AW,-0.46105158,-0.48570517,0.21150461,-0.6092693,0.56851256,-0.41493517,-0.6436721,1.0840136,-0.09076581,0.4655933,-0.91286755,1.2194202,1.2997963,-0.34743062,-0.5457554,0.6232128,0.13452473,-0.9211622,0.34237975,-0.91226256,-0.452071,0.08180857
TCGA-DK-A6B0,-0.08354092,0.53838295,0.26491192,-1.3476372,0.31837353,-0.59145635,-0.26695827,1.5870949,0.2694755,0.9075514,-0.43609068,1.1122028,2.311354,-0.26769963,0.3167133,1.3186262,0.8554059,-0.67083305,1.5286604,-1.2500253,-0.21264935,-0.59114146
TCGA-DK-A6B1,-0.35049015,-0.6852821,-0.41366136,-0.65074736,1.8705204,-1.4182835,-1.0561414,2.3753607,-1.0579649,0.16491228,-0.86869466,1.9269737,2.512238,-0.9363466,-1.316395,1.067884,0.40752515,-1.8389313,0.8501492,-2.067523,-0.30451906,0.036427557
TCGA-DK-A6B2,-0.5245106,-0.73989534,-0.055268742,0.00059815496,0.47075567,-0.5864758,-0.54697794,0.7430618,-0.44296765,0.076122984,-0.93510354,0.9791953,0.7634076,-0.34753916,-0.8036965,0.042659637,-0.29410213,-0.8499163,-0.17205891,-0.6242606,-0.2378782,0.6166071
TCGA-DK-A6B5,-0.4312176,-0.56986696,-0.4129203,0.2256141,0.79926515,-1.1244978,-0.4607315,1.0709304,-0.8993912,-0.04830441,-0.74366283,0.9345251,1.0839642,-0.55240536,-0.852062,-0.037603673,-0.27251434,-0.9482708,-0.022468105,-0.87260556,-0.013269722,0.81530416
TCGA-DK-A6B6,-0.16562483,-0.09861332,-0.07705652,-0.1916005,0.34007582,-0.7560795,-0.13756761,0.810678,-0.39805114,0.20450094,-0.44753104,0.64613783,1.14544,-0.24135324,-0.085024595,0.33203366,0.108977795,-0.45454645,0.4540003,-0.6144451,-0.017625257,0.28076664
TCGA-DK-AA6L,-0.25450006,-0.20744197,-0.26112163,0.29947305,0.06949341,-0.6997107,0.08284496,0.27774253,-0.50154704,0.020982832,-0.40691024,0.2907953,0.555105,-0.21591586,-0.16496277,-0.23126109,-0.17985032,-0.35652995,-0.011773795,-0.30640477,0.12462489,0.6772838
TCGA-DK-AA6M,-0.5202987,-0.6514694,-0.62015176,0.700848,0.030419081,-0.80821747,-0.012593359,-0.040471647,-0.7409154,-0.17957821,-0.77176416,0.18869008,0.21268778,-0.37956157,-0.7585591,-0.9023941,-0.46698436,-0.78255767,-0.52575976,-0.19024792,0.013337858,1.223656
TCGA-DK-AA6P,-0.25831404,-0.0076834895,0.010393843,0.013219357,-0.057182744,-0.41006374,0.11839413,0.2887611,-0.122065164,0.29161698,-0.43928015,0.2778964,0.63091767,-0.117584385,0.090783,0.06744863,-0.0459397,-0.20334786,0.14411262,-0.32167163,0.020325266,0.36038285
TCGA-DK-AA6Q,0.18845001,0.4389396,-0.76235473,0.55127996,0.4151843,-1.6380348,0.4636895,0.86144686,-1.2622477,-0.21814021,0.19439062,0.084136546,1.4185188,-0.47388646,0.24481511,-0.052606147,0.07087572,-0.30212146,0.67003626,-0.6856607,0.6042845,0.7148378
TCGA-DK-AA6R,0.13014582,0.2925686,-0.91824806,0.75087273,0.47404978,-1.7724421,0.42177755,0.79011667,-1.4951433,-0.33160838,0.18172267,0.069715776,1.3484457,-0.5407078,0.025378533,-0.28868282,-0.059050642,-0.45453978,0.48904145,-0.6332823,0.6200894,0.9931051
TCGA-DK-AA6S,-0.4666465,-0.44236284,-0.9640807,0.9359421,0.029154897,-0.9199051,0.30798456,-0.14541414,-0.9366616,-0.20495662,-0.42014486,-0.15234393,0.28098276,-0.49812746,-0.64972436,-0.88610905,-0.20467934,-0.9741079,-0.47299194,-0.46900195,0.1925247,1.2110481
TCGA-DK-AA74,-0.11003792,-0.21468794,-1.1765672,0.90887064,0.56439734,-1.6905069,0.22529829,0.6006002,-1.5672976,-0.5031674,-0.067398936,0.15667856,1.0095835,-0.6838312,-0.5649302,-0.68086284,-0.23706536,-0.9029446,0.077086926,-0.7181786,0.49434444,1.3317723
TCGA-DK-AA75,0.18918988,0.30443415,-0.85217875,-0.18724394,1.3198853,-1.7841444,0.013098419,1.9212786,-1.2884492,-0.013104349,0.06251454,0.89944154,2.454495,-0.79014957,-0.2631186,0.8266203,0.6184466,-1.1296071,1.3294394,-1.7900274,0.40857112,0.08595312
TCGA-DK-AA76,-1.6504378,-1.7231646,-1.833317,1.7394173,-0.031372607,-1.0997556,-0.029054374,-0.8695221,-1.268161,-0.10847178,-1.9267488,-0.40094677,-0.87662756,-0.55981576,-2.214134,-2.7683473,-1.0902108,-1.8811939,-1.9949453,0.14181364,-0.3204762,2.3859746
TCGA-DK-AA77,0.20321518,0.58853227,-0.51227236,-0.38286346,0.78634703,-1.5151498,0.12613854,1.6367435,-0.8480933,0.20027824,0.06827012,0.7216476,2.3339875,-0.5450486,0.20201126,0.8419253,0.63798654,-0.7461898,1.387248,-1.4203894,0.35026813,-0.03385216
TCGA-E5-A2PC,-0.6161678,0.6901755,-0.45810223,0.6622707,-0.22407408,-0.4185092,0.87431496,-0.04786176,-0.21679577,0.75789535,0.05572498,-0.8727883,0.692243,-0.3731941,0.15353593,0.47469452,0.1253748,-0.64504224,-0.21168792,-1.1972051,0.23483902,0.3846647
TCGA-E5-A4U1,-1.7921473,-2.0076928,-1.6780577,1.5924475,0.2509432,-1.0663042,-0.39287812,-0.5842737,-1.1985798,-0.15978763,-2.2920775,0.09533782,-0.8294574,-0.71686184,-2.6538184,-2.68719,-1.3643997,-2.0738418,-2.1240969,0.009757698,-0.5083807,2.4798424
TCGA-E7-A3X6,-0.7237109,0.9531004,-0.40660185,0.452145,-0.22010672,-0.33196795,0.92941874,0.0980705,-0.032754727,1.0621212,0.1279293,-0.9615282,0.99422157,-0.4740408,0.18582036,0.84490556,0.3048298,-0.85219944,-0.06773843,-1.5586884,0.21707538,0.21059607
TCGA-E7-A3Y1,-0.52093637,0.863685,-0.13313296,-0.61045486,0.34299836,-0.21725865,0.34837574,1.0145115,0.34294838,1.2593815,-0.0489749,0.16422129,1.8700653,-0.65781736,-0.1329045,1.5583603,0.7093048,-1.415924,0.71088606,-2.2193768,0.003671579,-0.498878
TCGA-E7-A4XJ,-0.13044025,0.012545589,0.05630534,-0.24825016,0.06474975,-0.57883465,-0.07507509,0.6382231,-0.19627434,0.30112687,-0.4406148,0.5766,1.0118659,-0.13252077,0.123303786,0.32288983,0.12813184,-0.2482869,0.46862763,-0.38491184,-0.057697006,0.24491327
TCGA-E7-A519,-0.18330768,0.27597538,0.3016495,-0.82518137,-0.009152174,-0.3202855,-0.1454652,0.8843876,0.26124766,0.72692394,-0.51929325,0.76794785,1.4489902,-0.13954791,0.27879316,0.7554863,0.43437293,-0.3634662,0.8509975,-0.65659136,-0.21210456,-0.1782319
TCGA-E7-A541,0.13434187,0.4271021,-0.7108635,0.19439068,0.7120967,-1.4815938,0.3186051,1.1424822,-1.0614825,-0.016222745,0.12775949,0.318813,1.6704966,-0.54103136,0.10319273,0.32055518,0.30197045,-0.58622473,0.8460903,-1.1351619,0.4984089,0.38625604
TCGA-E7-A5KE,0.12071344,0.34800735,-0.5371981,-0.60577244,1.111915,-1.3275218,-0.04586491,1.8441174,-0.75488156,0.3202548,-0.051539242,1.0252575,2.4522102,-0.65858126,-0.18424734,1.095208,0.781217,-1.1806786,1.4027289,-1.8382342,0.2124955,-0.28563023
TCGA-E7-A5KF,-0.16544838,0.34841207,0.1907582,-1.2029746,0.4897788,-0.46793866,-0.2615536,1.521441,0.23571652,0.8981147,-0.46193653,1.151141,2.163709,-0.36096823,0.027700797,1.2760345,0.77958393,-0.92606324,1.2984064,-1.4296043,-0.24520442,-0.54671514
TCGA-E7-A677,-0.19359352,0.11328074,0.18887559,-0.42450863,-0.03692709,-0.36952597,-0.06424001,0.5955155,0.056922607,0.48912734,-0.4802205,0.5769181,1.0385847,-0.1092856,0.20084837,0.4239345,0.19880992,-0.25642997,0.50495654,-0.45383134,-0.11945001,0.092044115
TCGA-E7-A678,-0.26467967,0.110216886,0.3544203,-1.095458,0.27308503,-0.24975353,-0.40377808,1.1875151,0.33047765,0.8632922,-0.6441288,1.1503053,1.7022014,-0.23729968,0.0076801926,1.022268,0.5938554,-0.74470884,0.9571592,-1.0137283,-0.3960969,-0.36772883
TCGA-E7-A6MD,-0.34825653,-0.087961376,-1.405634,1.2736511,0.106654644,-1.3819108,0.6525648,-0.054325823,-1.408763,-0.28003004,0.020033002,-0.524954,0.5919944,-0.65678304,-0.4296706,-0.81470495,-0.0032332242,-1.0077604,-0.23757401,-0.7614776,0.3889242,1.3559973
TCGA-E7-A6ME,-0.4993648,-0.8010326,-1.6149766,1.3248787,0.26053914,-1.4320681,0.28745276,-0.12655185,-1.5690013,-0.5872443,-0.41908503,-0.18904084,0.28798828,-0.7435912,-1.129255,-1.4906094,-0.27723205,-1.4512235,-0.6599037,-0.5621288,0.33298624,1.7298894
TCGA-E7-A6MF,-0.110425904,0.18983634,0.23874298,-0.9868291,0.21315914,-0.43575096,-0.27663678,1.1436042,0.14684486,0.7063775,-0.5253402,1.0033716,1.6945947,-0.18948352,0.14975834,0.923829,0.58285785,-0.5665812,1.0290161,-0.86284894,-0.25824052,-0.31258887
TCGA-E7-A7DU,-0.5011784,-0.54882026,0.17826007,-0.36716387,0.49252352,-0.47524738,-0.6194929,0.9486225,-0.1921021,0.3250094,-0.9354867,1.1040869,1.0963756,-0.32434958,-0.5801463,0.43132862,-0.06957355,-0.7938917,0.16213007,-0.72346884,-0.4000155,0.32508805
TCGA-E7-A7DV,-0.6023911,-0.4325364,-0.012889966,0.37335593,0.02053693,-0.50949407,-0.1362673,0.17491667,-0.36482662,0.12101142,-0.8546379,0.39271075,0.29949966,-0.11358805,-0.46399042,-0.34680304,-0.5706525,-0.31295103,-0.25910604,-0.12792015,-0.12192521,0.89151996
TCGA-E7-A7PW,0.2853305,0.54630333,-1.0562557,-0.180323,1.459435,-1.9464028,0.22182527,2.0863626,-1.3834902,0.004058212,0.2588648,0.8139874,2.7315948,-0.8942364,-0.21488962,0.96076185,0.7536335,-1.2571212,1.555037,-2.114107,0.5582824,-0.018274367
TCGA-E7-A7XN,-0.6034209,-0.736026,-0.5265954,0.69532186,0.10844901,-0.9254957,-0.19778842,0.07187106,-0.85479534,-0.21677122,-0.9236715,0.36227477,0.2271823,-0.33525875,-0.8799659,-0.9533313,-0.67966306,-0.7398899,-0.5067775,-0.09801446,-0.03913249,1.3532162
TCGA-E7-A85H,-0.02157858,0.023561511,-0.6696123,0.20013185,0.85356426,-1.4906533,-0.0057950914,1.21743,-1.1605364,-0.10125694,-0.17049861,0.59860945,1.5322696,-0.5646091,-0.2593587,0.17238162,0.126156,-0.70533633,0.5961741,-1.0400497,0.33262128,0.5803188
TCGA-E7-A8O7,-0.24020886,0.16469267,0.19635665,-0.40547466,-0.11293781,-0.23174505,0.029436797,0.46674335,0.18186145,0.55539596,-0.4600386,0.447854,0.93308806,-0.10656346,0.23505774,0.40775988,0.1909706,-0.251162,0.4481091,-0.47326666,-0.09931313,0.057069123
TCGA-E7-A8O8,0.116120815,0.4808207,-0.19414222,-0.88174134,0.66609335,-1.1327578,-0.09984106,1.731259,-0.40226308,0.48034602,-0.15735352,1.0151753,2.435415,-0.44091204,0.1827835,1.1291976,0.8188859,-0.80365497,1.5606663,-1.4221046,0.06391325,-0.3600394
TCGA-E7-A97P,-0.42398155,-0.44578108,-0.37510464,0.4709569,0.50172424,-1.2004721,-0.25661343,0.775171,-0.97637737,-0.10335332,-0.701,0.63899314,0.8956492,-0.41824245,-0.6702094,-0.26337424,-0.49753922,-0.56474054,-0.06825217,-0.47272837,0.042963356,1.0709352
TCGA-FD-A3B3,-0.9137051,-0.94604766,-0.73021877,0.8280684,0.07143772,-0.5806811,-0.02584143,-0.18159468,-0.5850823,0.040378183,-1.1221979,0.1420251,-0.035806626,-0.50364023,-1.2549219,-1.0134628,-0.52149606,-1.2478501,-1.0338172,-0.36060116,-0.2164323,1.2998903
TCGA-FD-A3B4,-1.3004341,-1.6712902,-1.8388157,1.605552,0.22557124,-1.1167237,-0.009219497,-0.52385813,-1.3280826,-0.32395992,-1.4126256,-0.15740588,-0.3991097,-0.884571,-2.3177872,-2.1978688,-0.7232653,-2.261833,-1.8596961,-0.45433444,-0.16880137,2.2037046
TCGA-FD-A3B5,-0.45009136,0.892221,-0.8064908,0.7004634,0.35088578,-0.93208605,0.8543977,0.46539956,-0.691733,0.6001656,0.31632045,-0.7192544,1.3316476,-0.72102565,0.029851727,0.66156703,0.31737182,-1.0655259,0.16381516,-1.8545678,0.47450778,0.34045872
TCGA-FD-A3B6,-1.3159828,-0.67164904,-1.9720304,1.9596024,-0.22039229,-0.71050495,0.92770386,-1.0693619,-1.0923463,0.2564132,-0.61290497,-1.3922642,-0.24658081,-1.0036764,-1.5632403,-1.5083898,-0.029233426,-2.3493562,-1.6936868,-1.1644285,-0.0016652569,1.7072315
TCGA-FD-A3B7,-0.6043519,0.3692347,-1.3530514,1.3578291,0.1644243,-1.2132634,0.95078117,-0.038123984,-1.2347302,0.20165446,0.1750538,-1.0095297,0.8082932,-0.7767179,-0.30815694,-0.28287992,0.17853844,-1.2547387,-0.29688656,-1.3275352,0.4053523,1.052248
TCGA-FD-A3B8,-0.6353644,0.088700816,-0.37615085,0.6201093,-0.20276517,-0.2898346,0.5546097,-0.25312096,-0.2182954,0.48798794,-0.34182376,-0.48197946,0.30777377,-0.29362938,-0.1399965,-0.06954591,0.016883701,-0.6603752,-0.39429766,-0.6540251,0.033740446,0.5628023
TCGA-FD-A3N5,-0.5253141,0.8555059,-1.0621076,1.0937881,0.30991504,-1.103771,1.0204022,0.28435692,-0.95075667,0.49300388,0.3373303,-0.9812684,1.1495751,-0.7802378,-0.01087895,0.34723738,0.23252901,-1.1044282,-0.033109426,-1.6910825,0.4827136,0.6722193
TCGA-FD-A3N6,-0.59570324,0.19452624,-0.0931991,0.39286923,-0.40571645,-0.15193222,0.5325928,-0.19136943,0.002760835,0.6358823,-0.40155566,-0.4407228,0.29624492,-0.11748792,0.11336373,0.05966891,-0.0103150755,-0.30594987,-0.26669955,-0.41151944,-0.010673329,0.43907487
TCGA-FD-A3NA,-0.3275416,0.7661622,-0.57876265,0.19838324,0.47528455,-0.7131519,0.57163143,0.70883095,-0.34612036,0.66760886,0.18598804,-0.2550549,1.473085,-0.68659085,-0.1320954,0.9155925,0.35312793,-1.1789917,0.35629243,-1.9537549,0.39403006,-0.0047696233
TCGA-FD-A3SJ,-0.8158425,0.015876178,-0.5169043,0.7650562,-0.17353848,-0.17060138,0.6076975,-0.40506127,-0.19107491,0.56858695,-0.43222845,-0.6204313,0.19701791,-0.45897117,-0.3874708,-0.14005247,0.0364836,-1.0121903,-0.6465579,-0.8641659,-0.024054237,0.61293817
TCGA-FD-A3SL,-0.96445215,0.15846676,-0.7580949,1.0103673,-0.15912645,-0.25112116,0.7998124,-0.50635993,-0.32728595,0.66243327,-0.29895225,-0.96342385,0.23496538,-0.58844864,-0.43939742,-0.091209084,0.13736749,-1.2608644,-0.7686637,-1.1767461,0.027090587,0.68882537
TCGA-FD-A3SM,-0.76175964,0.4282421,-0.25680473,0.4729883,-0.316652,-0.04171218,0.7144583,-0.21137644,0.08173848,0.8499317,-0.20913693,-0.7446676,0.5028353,-0.3866158,0.043826014,0.41926786,0.18246558,-0.7775046,-0.3351947,-1.0692909,-0.002982743,0.29699653
TCGA-FD-A3SN,-0.58922887,0.23300672,-0.2455309,0.48318166,-0.19501328,-0.22876717,0.5636345,-0.12896281,-0.09219047,0.5857167,-0.27669835,-0.4356614,0.42585436,-0.2906263,-0.015397862,0.15667138,0.03170632,-0.6036359,-0.29189274,-0.76846874,0.044145837,0.40818274
TCGA-FD-A3SO,-0.8467195,0.016445395,-0.7082834,0.9735945,-0.20450465,-0.3746969,0.6932238,-0.47051808,-0.44976312,0.4821395,-0.34206605,-0.76906395,0.2183049,-0.46454498,-0.4114215,-0.27608824,0.07245174,-1.075039,-0.66263944,-0.8625397,0.022657104,0.7894327
TCGA-FD-A3SP,-3.1095433,-1.495882,-2.398639,2.9243567,-0.8337755,-0.5124194,1.0703771,-2.1768692,-1.1276969,1.2007617,-2.4539242,-2.3137975,-1.850124,-0.46129012,-2.2480412,-3.486964,-0.7025168,-2.4368775,-3.0200229,0.11305666,-0.81972635,2.58945
TCGA-FD-A3SQ,-0.90621865,-0.07090199,-0.6420706,0.90567416,-0.118796885,-0.1471236,0.6090205,-0.44742617,-0.24652907,0.55567133,-0.4897392,-0.6067188,0.19812816,-0.60138446,-0.6490227,-0.23758419,0.010613233,-1.2841305,-0.7853175,-1.0146747,-0.040272772,0.73162556
TCGA-FD-A3SR,-0.8326653,0.4679064,-0.81967306,0.9057718,0.19467387,-0.45940703,0.8133094,-0.07291368,-0.44319183,0.7092794,-0.10931826,-0.819355,0.7380984,-0.8077892,-0.38003483,0.26420715,0.21723852,-1.4057634,-0.45857286,-1.6846957,0.15928274,0.50630426
TCGA-FD-A3SS,-0.63673306,0.18784134,-0.3394099,0.52873456,-0.10528774,-0.22205481,0.5574939,-0.12849401,-0.124802835,0.5882255,-0.30944026,-0.414435,0.43964076,-0.39388502,-0.14751396,0.1423631,0.057837218,-0.7916636,-0.3598721,-0.9151507,0.018100843,0.42403626
TCGA-FD-A43N,-0.19280162,-0.0059575997,0.025717668,-0.004729077,-0.06660004,-0.49151993,0.084641375,0.36435887,-0.18894845,0.2512489,-0.41472393,0.34268323,0.71703076,-0.10739184,0.12842849,0.08762778,-0.03867092,-0.14277515,0.22012804,-0.24200751,0.021397345,0.39358458
TCGA-FD-A43S,-0.42580792,-0.5776095,-0.47812426,0.47971427,0.2942805,-0.8870782,-0.13801533,0.3791404,-0.77584565,-0.15820917,-0.6187614,0.4918662,0.52967536,-0.38947892,-0.72276795,-0.49219665,-0.39331588,-0.73578554,-0.27430278,-0.40272585,0.071768254,1.0362849
TCGA-FD-A43U,0.024453431,-0.009553995,-0.97201395,0.75073034,0.34251305,-1.5528773,0.326732,0.5131692,-1.3612655,-0.38507935,0.021537662,0.09358711,0.99745595,-0.5230482,-0.18943048,-0.56287223,-0.10709022,-0.57580507,0.2430674,-0.5197013,0.52238595,1.1038635
TCGA-FD-A43X,-0.10501017,0.3464937,0.1739454,-0.86579996,0.17875615,-0.5379143,-0.13337207,1.1361367,0.112945214,0.664688,-0.4087192,0.8397771,1.7360469,-0.20673278,0.26649386,0.88310915,0.5613891,-0.48804927,1.077378,-0.918303,-0.13606802,-0.2710306
TCGA-FD-A43Y,-0.4482692,-0.8117128,-1.8911529,1.4926138,0.4437205,-1.7003314,0.30942318,-0.005195502,-1.8774854,-0.7411195,-0.30618045,-0.16736585,0.44398373,-0.9003719,-1.2892787,-1.574745,-0.2831293,-1.6477182,-0.6127158,-0.749238,0.4276322,1.9095426
TCGA-FD-A5BR,-0.08197869,0.026495803,-0.79624224,0.6759821,0.3595933,-1.3611296,0.31270865,0.51533836,-1.1606504,-0.24120477,-0.064000905,0.0986255,0.9613199,-0.48736063,-0.19481519,-0.3808778,-0.13276727,-0.57818323,0.18373771,-0.58606225,0.42985618,0.9754211
TCGA-FD-A5BS,-0.38129145,-0.7277105,-1.5825024,1.2885089,0.34696767,-1.6259992,0.23798764,0.052380245,-1.720286,-0.68953526,-0.3410651,-0.10051062,0.480699,-0.73283243,-1.0294572,-1.4009212,-0.29897752,-1.3329431,-0.4578315,-0.51174057,0.39387137,1.7264112
TCGA-FD-A5BT,-0.29528445,-0.55705523,-1.5069885,1.165077,0.6523657,-1.7414013,0.1595782,0.4551741,-1.747605,-0.6364292,-0.22550562,0.15943453,0.8188671,-0.8674606,-1.0374966,-1.0486588,-0.3088608,-1.3483135,-0.25436366,-0.83991975,0.43664157,1.6398733
TCGA-FD-A5BV,0.112493575,0.64366096,-0.87945557,0.42010203,0.7577661,-1.5749712,0.49143332,1.1236078,-1.1590043,0.00034174323,0.30438396,0.06618044,1.7341293,-0.6654687,0.123044476,0.34760737,0.27833882,-0.70779794,0.81796294,-1.3872378,0.6458756,0.44450527
TCGA-FD-A5BX,-1.7837992,-1.2503651,-1.1899352,1.4833565,-0.23544747,-0.7550861,0.024538487,-0.8849193,-0.8366035,0.3380303,-2.0348177,-0.5051911,-0.8757905,-0.23933834,-1.5943971,-2.2511249,-1.07651,-1.2815311,-1.6726544,0.32205343,-0.50702745,1.9673746
TCGA-FD-A5BZ,-0.23817712,-0.11565091,-0.106880195,0.03813158,0.09502524,-0.5359677,0.050372273,0.416499,-0.28272295,0.1923466,-0.42725992,0.38618144,0.70254123,-0.17579615,-0.041385442,0.0533573,-0.02753517,-0.3385,0.15423422,-0.44518685,0.042529494,0.39886966
TCGA-FD-A5C0,-0.7021345,-1.1038167,-1.0732734,0.8812812,0.43167886,-0.9978158,-0.1973382,0.13232695,-1.0301169,-0.37517354,-0.95368457,0.42616805,0.1897616,-0.71416235,-1.5266397,-1.1806445,-0.59774107,-1.4527919,-0.91507244,-0.54650193,0.011502206,1.580903
TCGA-FD-A5C1,-0.9254092,-1.4530305,-3.225219,2.5129273,0.36772493,-2.1204705,0.65801066,-0.719002,-2.6308324,-0.9786389,-0.45214808,-0.960801,-0.01497817,-1.3771422,-2.3555963,-2.8287072,-0.30420414,-2.8983753,-1.5839337,-1.0286322,0.4244317,2.8965626
TCGA-FD-A62N,-0.97315526,-1.7566581,-3.2372065,2.5108695,0.44904396,-2.3395758,0.4287887,-0.61758065,-2.8374119,-1.161,-0.6783567,-0.7063283,-0.07188797,-1.3162756,-2.5253558,-3.1482277,-0.44453463,-2.8946831,-1.6422856,-0.73873687,0.39293835,3.0966475
TCGA-FD-A62O,-0.13177995,0.24397033,0.011657067,-0.21573478,0.01212427,-0.5429667,0.12071957,0.56793493,-0.109021254,0.38278818,-0.31401575,0.38135567,1.0463883,-0.15696925,0.25500935,0.34005183,0.15297636,-0.22864771,0.4985127,-0.5245764,0.060344476,0.17759156
TCGA-FD-A62S,-0.22105202,-0.34384382,-1.7641037,1.3749945,0.44300684,-1.7919265,0.5060718,0.18326855,-1.8605418,-0.62371135,0.035153776,-0.29419917,0.7573031,-0.84663594,-0.7627884,-1.1848022,-0.09487537,-1.3037362,-0.19837934,-0.83333546,0.56064355,1.6464984
TCGA-FD-A6TA,-0.07768296,0.1827682,-0.043232933,-0.2441507,0.08526179,-0.6540697,0.07546681,0.67580724,-0.2268542,0.3089018,-0.2843069,0.46654758,1.1458365,-0.17666352,0.2487232,0.34786358,0.24108729,-0.2700572,0.60581535,-0.5623469,0.058444113,0.15234977
TCGA-FD-A6TB,-0.93235004,-1.303772,-2.2186325,1.8598516,0.14877453,-1.5088258,0.32755324,-0.60272044,-1.7836276,-0.5804781,-0.79896283,-0.56625533,-0.14359409,-0.9598868,-1.8984365,-2.262202,-0.4308094,-2.204898,-1.4857999,-0.59675807,0.16186726,2.2798197
TCGA-FD-A6TD,-1.0471915,-2.003226,-2.2684398,1.7045412,0.854187,-1.783158,-0.3707947,0.041519415,-2.0419288,-0.93278694,-1.2697064,0.40151367,0.05283016,-1.2679055,-2.8443685,-2.3973618,-0.8763732,-2.6725547,-1.6690636,-0.80435276,0.04684057,2.662902
TCGA-FD-A6TE,0.14772174,0.35846123,-1.2083786,0.8100851,0.77034163,-2.0089855,0.4772715,1.0242863,-1.7155231,-0.3466784,0.3008996,0.045437418,1.6031618,-0.72568387,-0.07910097,-0.24240744,0.06611571,-0.72375065,0.5953149,-1.0413318,0.7269602,0.98815835
TCGA-FD-A6TF,-0.010112017,0.068608314,-1.0388846,0.79684097,0.44364628,-1.5560927,0.39286,0.56069094,-1.3693801,-0.3121949,0.08134067,0.018677272,1.0844246,-0.59952086,-0.20025885,-0.4777447,-0.039914504,-0.68578464,0.26013595,-0.7164177,0.5339604,1.0577463
TCGA-FD-A6TG,-0.3362049,-0.1922653,-0.38629407,0.3662788,0.11438292,-0.62980896,0.1844396,0.19957468,-0.4611069,0.06418796,-0.4296871,0.16792148,0.4903262,-0.29427227,-0.23755303,-0.24959365,-0.14259651,-0.51175255,-0.11665069,-0.45470622,0.12145609,0.6699219
TCGA-FD-A6TI,-0.20909995,0.014605913,0.19100383,-0.4295479,-0.00019001961,-0.3595447,-0.13180336,0.61341345,0.046429455,0.45751178,-0.53706276,0.63836646,1.0088837,-0.105551936,0.11797092,0.435009,0.16393498,-0.28926906,0.46186894,-0.4394413,-0.16164789,0.11068556
TCGA-FD-A6TK,-1.0170938,-1.5462024,-1.7188535,1.4315219,0.22650227,-1.2074976,-0.073792785,-0.40976468,-1.344737,-0.47032395,-1.2551731,-0.010738619,-0.26314822,-0.7896103,-2.075087,-2.1030202,-0.73144317,-1.9894869,-1.5934274,-0.3299652,-0.0458526,2.1131911
TCGA-FJ-A3Z7,-0.6326802,0.2591277,-0.25858754,0.33985552,-0.05853775,-0.036174774,0.51521665,-0.033271972,0.072019786,0.74332774,-0.29504353,-0.3717184,0.61890286,-0.49628267,-0.20434245,0.4463195,0.19450238,-0.9838504,-0.27951422,-1.2486417,-0.017223522,0.14796846
TCGA-FJ-A3Z9,-0.43511108,-0.42609316,0.20690596,-0.59103805,0.54225135,-0.44554633,-0.6098073,1.0836644,-0.08833986,0.4590225,-0.8546025,1.179772,1.3017718,-0.31696486,-0.47393438,0.65941507,0.14209086,-0.83765566,0.40215826,-0.86943763,-0.4245319,0.09649545
TCGA-FJ-A3ZE,-0.7471484,0.5728839,-0.14944488,0.12574479,-0.14108302,0.0665354,0.6150668,0.117072776,0.27865207,1.0875262,-0.19267362,-0.4761125,0.8695134,-0.52744746,-0.15222043,0.8532558,0.334949,-1.1314157,-0.13122228,-1.5646617,-0.021807373,-0.018774122
TCGA-FJ-A3ZF,-0.49582663,0.9186488,-0.88448054,0.018171608,1.1096528,-0.60662585,0.5289178,1.2175313,-0.2928612,1.038654,0.23908481,-0.056289025,2.2334805,-1.3273748,-0.7035277,1.6409678,0.84416723,-2.359211,0.57654214,-3.379762,0.3300308,-0.5242082
TCGA-FT-A61P,-0.82489264,-1.2097068,-1.9254029,1.5639546,0.24509212,-1.2580177,0.24480042,-0.40562007,-1.4641135,-0.4906108,-0.79449517,-0.27938175,-0.033204466,-0.9525306,-1.8344377,-1.8846067,-0.4551049,-2.034599,-1.3389864,-0.68630177,0.1501829,2.0197759
TCGA-G2-A2EC,-3.0067031,2.5539494,1.358901,0.7651469,-2.8070145,1.2816963,0.85406226,-1.894539,1.4567297,3.5134058,-2.2707262,-2.2759662,-0.9628496,1.0880976,1.4119558,-0.1118556,-0.8275784,1.8632401,0.1755745,1.2506657,-0.9786353,1.7121987
TCGA-G2-A2EF,-2.7320957,2.6198514,1.1064311,0.71433586,-2.5428793,1.0730081,1.0164973,-1.6349087,1.2944094,3.3832672,-1.8375344,-2.3396578,-0.5920732,0.7992617,1.3153769,0.18960038,-0.6465876,1.456741,0.143546,0.72729826,-0.7492211,1.5036361
TCGA-G2-A2EJ,-0.8576106,0.36438724,-0.31765527,0.6399266,-0.3836703,-0.069070645,0.77588505,-0.34914333,0.0063043684,0.87516165,-0.26606077,-0.89578485,0.3558436,-0.33983535,0.01914236,0.24360776,0.17352453,-0.7597535,-0.47076464,-0.92059064,-0.027482137,0.41453987
TCGA-G2-A2EK,-1.3188088,-0.11703543,-1.0588198,1.3448734,-0.24564853,-0.072732374,0.9077998,-0.85124147,-0.34410417,0.81086874,-0.5625598,-1.2853931,-0.044240534,-0.78910995,-0.9323127,-0.44298044,0.14538825,-1.851338,-1.3078456,-1.3021481,-0.11808967,0.89801973
TCGA-G2-A2EL,-0.82614195,0.9409607,-0.9593859,0.82655495,0.47134462,-0.5375207,0.96398467,0.29447517,-0.41570073,0.9843422,0.23746797,-1.0179255,1.3261777,-1.0918067,-0.4012917,0.946422,0.552341,-1.8988663,-0.1622365,-2.649168,0.33236915,0.11615048
TCGA-G2-A2EO,-0.7747396,1.306258,-1.203467,1.0422674,0.53980625,-0.8743187,1.2405925,0.43426514,-0.68268925,0.9830612,0.5901029,-1.3349807,1.5445197,-1.137574,-0.24932516,1.0880871,0.51992583,-1.8421963,-0.049305007,-2.9565346,0.5878214,0.2062581
TCGA-G2-A2ES,-0.44538757,0.7357543,-0.66203237,0.7692889,0.13097945,-0.84066725,0.8268803,0.25525603,-0.62346864,0.52403677,0.1852946,-0.68697983,0.991845,-0.5304145,0.0716535,0.39007786,0.13567701,-0.76916116,-0.0044087023,-1.3505352,0.40543088,0.50522494
TCGA-G2-A3IB,-0.5515425,0.09898743,-0.0048777685,0.2904177,-0.41763908,-0.063373014,0.44597045,-0.18492892,0.10062386,0.58782625,-0.45504957,-0.3069072,0.27386814,-0.10362534,0.09464499,0.046293635,-0.039606802,-0.2953004,-0.24306479,-0.34220394,-0.05224888,0.39126405
TCGA-G2-A3IE,-0.5572623,0.20571947,-0.13386449,0.08499929,-0.010219157,0.006594479,0.37278134,0.14237997,0.16732073,0.7610738,-0.35025746,-0.10579946,0.7577542,-0.4693096,-0.19403255,0.54070216,0.24367854,-0.9661426,-0.09085631,-1.2196498,-0.064972304,0.019845426
TCGA-G2-A3VY,-0.4272365,0.36149496,-0.36823314,-0.12092632,0.59921086,-0.2798062,0.2532906,0.78333807,-0.021203667,0.76486826,-0.18935663,0.26550138,1.4936457,-0.8164506,-0.49032047,1.0361047,0.46194056,-1.5439663,0.3263849,-2.0788095,0.04990881,-0.27469206
TCGA-G2-AA3B,-0.4471196,-0.5252178,0.030188862,0.018710405,0.2918034,-0.48425132,-0.34933388,0.5779356,-0.30237278,0.12572719,-0.77864254,0.7488729,0.6664181,-0.243193,-0.5107558,0.084802195,-0.25936985,-0.5763201,-0.07952188,-0.4893688,-0.17260137,0.5418356
TCGA-G2-AA3C,-0.603243,-0.57686365,-0.25711325,0.5194867,0.010378122,-0.6489679,-0.13858771,0.052371595,-0.54001045,-0.006659478,-0.926927,0.3286863,0.19825734,-0.21240151,-0.6517577,-0.6916166,-0.61815333,-0.5326534,-0.43171608,-0.08045052,-0.09701613,1.0892456
TCGA-GC-A3BM,-0.4590968,0.9298919,-0.49819458,-0.3130753,0.6505817,-0.5016337,0.46212092,1.1079577,-0.010119513,1.1156367,0.15985969,0.0073653087,2.0392904,-0.869468,-0.26740438,1.5762721,0.7673062,-1.6941265,0.7082065,-2.64474,0.1961081,-0.4701562
TCGA-GC-A3I6,-0.57075405,0.7252216,-0.7320963,0.8331359,0.18740466,-0.76883686,0.8495242,0.18424012,-0.60132354,0.61427534,0.14853987,-0.7779764,0.95388854,-0.63999337,-0.04125394,0.39429495,0.19786128,-0.99561256,-0.118351474,-1.5343978,0.35685366,0.49711543
TCGA-GC-A3WC,-0.5393176,0.66246146,-0.6899221,0.6759649,0.27364334,-0.6847698,0.76931673,0.2809129,-0.5080675,0.62309545,0.09491041,-0.63419485,1.0059836,-0.6579757,-0.116232395,0.46673658,0.20921639,-1.0309237,-0.05869633,-1.6241584,0.33665472,0.37518853
TCGA-GC-A3YS,-0.6211027,0.8459229,-1.0761081,1.1369498,0.24924117,-1.0087842,1.0675476,0.16161296,-0.89891666,0.55565524,0.31617716,-1.1132337,1.0479249,-0.78461826,-0.021451414,0.3507488,0.27201238,-1.1687561,-0.13395813,-1.73417,0.45129102,0.65221703
TCGA-GD-A2C5,-0.85354185,0.6014506,-0.42243427,0.5387135,-0.117083505,-0.021421194,0.807507,-0.077864364,0.07714261,1.0192354,-0.10224897,-0.82822084,0.80330396,-0.67905307,-0.16848573,0.7514815,0.33301124,-1.2777141,-0.36046803,-1.747405,0.027456813,0.11771068
TCGA-GD-A3OP,-0.9353925,0.14616741,-0.5091163,0.81616956,-0.19510622,-0.034823403,0.71569765,-0.43014786,-0.094073065,0.7599915,-0.39984614,-0.7891424,0.2708839,-0.5545779,-0.38841268,0.07064289,0.13429198,-1.2120341,-0.71867985,-1.1194378,-0.06252228,0.51630193
TCGA-GD-A3OQ,-1.1982772,0.7617983,-0.14433801,0.49719936,-0.6798916,0.36659247,1.0339913,-0.4450533,0.43100908,1.4247395,-0.19114125,-1.3566782,0.5361996,-0.45990685,0.08666029,0.82576704,0.3963134,-1.0909909,-0.47833562,-1.4452338,-0.114898555,0.1293982
TCGA-GD-A3OS,-1.9448087,-0.30235997,-0.73966444,1.3396857,-0.88772047,0.14511763,0.92389905,-1.1855624,-0.031423643,1.412779,-1.4796635,-1.525519,-0.77496064,-0.11635847,-0.6035516,-1.1529428,-0.15096499,-1.0070184,-1.4545296,-0.09926982,-0.61441797,1.0948704
TCGA-GD-A6C6,0.15143716,0.5140298,-0.7529094,-0.061768577,0.98859584,-1.5207771,0.23837094,1.4869225,-1.0401229,0.09741479,0.1682078,0.5488656,2.104164,-0.6902188,-0.034879655,0.70353204,0.53659904,-0.96365803,1.135544,-1.6485546,0.47557777,0.097558975
TCGA-GD-A76B,-0.5708499,-0.7344287,-0.0037149787,-0.022990763,0.49407098,-0.49153554,-0.5858092,0.7328336,-0.36981356,0.1337858,-1.0001262,1.0058659,0.74891174,-0.3771806,-0.8562101,0.07217835,-0.2967371,-0.92905,-0.21706648,-0.68248117,-0.26960057,0.5787791
TCGA-GU-A42R,-0.9650521,0.7984614,-0.25014383,0.2639567,-0.28125548,0.18988244,0.8216539,-0.031767417,0.3672611,1.3609991,-0.08690196,-0.9033283,0.92599595,-0.6561036,-0.077531025,1.0772682,0.50788355,-1.3444887,-0.22752824,-1.9026809,-0.04000338,-0.08183992
TCGA-GU-A762,-0.38419822,-0.8320169,-1.3666873,0.929362,1.1437092,-2.0251706,-0.2990959,1.0911454,-1.9518627,-0.6886302,-0.49401307,0.7565862,1.1980597,-0.9561324,-1.4768581,-0.83138293,-0.53666687,-1.4739436,-0.19629028,-1.0275054,0.32328168,1.7082461
TCGA-GU-A763,-0.6116457,-0.69632775,-0.026762426,0.009619787,0.39056835,-0.36356002,-0.4589845,0.561358,-0.2504786,0.20678708,-1.0211469,0.8707261,0.63357806,-0.3702108,-0.81139517,0.009585325,-0.2550544,-0.95914525,-0.31593508,-0.6636084,-0.30366495,0.53175753
TCGA-GU-A764,-0.49562553,-0.6801088,-0.5443903,0.5072142,0.63940525,-1.1677774,-0.34586847,0.75583255,-1.0442436,-0.24099067,-0.7447665,0.7260903,0.8043728,-0.5429169,-1.0002171,-0.4136049,-0.5071113,-0.92884237,-0.24608026,-0.6353476,0.05531005,1.15425
TCGA-GU-A766,-0.7839631,-0.57974404,0.017289944,0.4505775,0.03311616,-0.5075641,-0.2911559,0.13366678,-0.38091305,0.15886575,-1.1136395,0.471844,0.18015572,-0.1016714,-0.6608592,-0.52328235,-0.7546215,-0.39555514,-0.4113016,-0.059985705,-0.23694396,1.0435569
TCGA-GU-AATO,-0.0037898421,-0.14195758,-1.2278466,0.81974804,0.68429255,-1.8352216,0.19060716,0.7707606,-1.658321,-0.4682382,-0.018088251,0.2653348,1.2052462,-0.7371835,-0.5032239,-0.615047,-0.12061607,-0.88252527,0.21837284,-0.7953878,0.5283835,1.2592384
TCGA-GU-AATP,-0.36829957,-0.39410913,-0.37659743,0.18079904,0.6130196,-0.9257917,-0.229792,0.8335195,-0.7155945,0.016253531,-0.58539546,0.6833428,0.9522712,-0.45560828,-0.5940771,-0.018201862,-0.16325305,-0.7908135,0.057824463,-0.8088313,0.048962682,0.6767325
TCGA-GU-AATQ,-0.30114096,-0.2873693,-0.49344993,0.20209411,0.75724435,-1.1330593,-0.19995522,1.019925,-0.8672809,0.015614122,-0.4984209,0.7071705,1.1475195,-0.52269393,-0.5656271,0.043604676,-0.11181332,-0.8215259,0.17066117,-0.9316506,0.12407086,0.66974115
TCGA-GV-A3JV,-0.8697636,0.07137127,-0.63667357,0.9217114,-0.26197183,-0.30164933,0.7238314,-0.4975917,-0.35350025,0.57733315,-0.34494442,-0.8570957,0.19932483,-0.4211149,-0.30606872,-0.1937299,0.1061632,-1.0039078,-0.6592265,-0.84062725,0.005685024,0.6943532
TCGA-GV-A3JW,-0.7668481,0.16073786,-0.16029394,0.4294201,-0.30061752,0.08696304,0.57966375,-0.25906533,0.14576913,0.7774365,-0.44510582,-0.52616346,0.3531857,-0.3665177,-0.15325636,0.24668655,0.10341188,-0.85048085,-0.44985664,-0.8576633,-0.11180129,0.2837159
TCGA-GV-A3JZ,-0.45393398,0.77742606,-0.7809046,0.49679554,0.5500808,-0.7131647,0.69902515,0.58247083,-0.46371078,0.70147485,0.18655786,-0.46050122,1.3735768,-0.8676208,-0.2756535,0.77763003,0.33306667,-1.3521765,0.15081088,-2.1492035,0.39164406,0.14156994
TCGA-GV-A3QF,-1.794889,-0.6656174,-0.87404245,1.3483315,-0.6400979,-0.14840074,0.6226664,-1.0529928,-0.28562587,0.93995917,-1.6184124,-1.1005447,-0.7718309,-0.16980144,-0.91193223,-1.5347629,-0.4654484,-1.0569664,-1.4578911,0.034297153,-0.5581462,1.3381281
TCGA-GV-A3QG,-0.533884,0.31713882,-0.37590444,0.5570725,-0.09676115,-0.38559628,0.61109483,-0.05014469,-0.22871858,0.5424961,-0.17711964,-0.47336945,0.511155,-0.3289729,-0.0042372793,0.1699449,0.040056378,-0.6175553,-0.2359827,-0.8768135,0.13136944,0.44102693
TCGA-GV-A3QH,-0.6443809,0.9341242,-0.52678055,0.039481185,0.3305286,-0.28251243,0.6913175,0.6524326,0.0833871,1.1880895,0.17836007,-0.4895397,1.6225129,-0.8564162,-0.23691627,1.4256015,0.67048466,-1.6550473,0.31450063,-2.5197217,0.19568089,-0.3208251
TCGA-GV-A3QI,-0.29710764,1.0293701,-1.304476,0.46519217,1.5614125,-1.4212646,0.6419704,1.5966128,-1.1074188,0.611189,0.4841303,-0.06140525,2.5585744,-1.5084075,-0.70109165,1.2109035,0.6717832,-2.2397993,0.7977626,-3.3556428,0.6800131,-0.023777664
TCGA-GV-A3QK,-0.8155296,0.7532974,-0.4441682,0.43920356,-0.074449494,-0.06896539,0.83716017,0.04792438,0.10742482,1.1086357,0.0125768185,-0.84680784,0.9476907,-0.69057405,-0.15423062,0.94431007,0.40908954,-1.3371958,-0.230381,-1.9578636,0.10575401,4.6104193e-05
TCGA-GV-A40E,-0.5800341,0.4043631,-0.40475583,0.54633623,-0.049950212,-0.3243628,0.65056074,-0.0020393021,-0.17820695,0.6629162,-0.11608365,-0.5497663,0.6420392,-0.44556797,-0.061137885,0.3404057,0.12043345,-0.8009628,-0.23794042,-1.1720726,0.12891823,0.34320623
TCGA-GV-A40G,-0.7714318,1.1687251,-1.0269709,0.5640284,0.7066165,-0.5649203,0.9737552,0.6572943,-0.35222086,1.1802243,0.38524982,-0.8862995,1.781628,-1.2463622,-0.4954625,1.447996,0.7232108,-2.1782682,0.10168113,-3.252353,0.41544005,-0.21108335
TCGA-GV-A6ZA,0.1245344,0.39071938,-0.6147196,0.079508424,0.6921421,-1.3832307,0.27365297,1.1695917,-0.94318914,0.040264606,0.054868132,0.4155829,1.7056792,-0.5131298,0.061519146,0.41134438,0.30228016,-0.59857005,0.85813904,-1.1182101,0.43135637,0.3070935
TCGA-H4-A2HO,-0.90726244,0.6433937,-0.07368628,-0.121464014,-0.15155235,0.2574132,0.5695186,0.19389643,0.47619027,1.3356352,-0.23260212,-0.44717368,1.0708001,-0.5985746,-0.13846949,1.1744673,0.60157824,-1.3889147,0.0076187104,-1.8879502,-0.16434193,-0.27246404
TCGA-H4-A2HQ,-0.88936675,0.67116076,-0.122934766,0.2863885,-0.52303135,0.18636547,0.79963315,-0.1999865,0.3766225,1.2016234,-0.14731589,-0.94034135,0.61447155,-0.40078428,0.13462715,0.7589388,0.31379947,-0.86571157,-0.27308795,-1.3046753,-0.038673922,0.11455989
TCGA-HQ-A2OE,-0.41006273,0.46377805,-0.5844456,0.09091893,0.98793817,-0.770583,0.19274746,1.133026,-0.46816063,0.5992562,-0.11332503,0.31978863,1.8185581,-1.0330791,-0.6303711,0.96496564,0.3308171,-1.6528548,0.40843326,-2.3096282,0.23027205,-0.0129392445
TCGA-HQ-A2OF,0.014708847,0.037152264,-0.48412877,-0.17910793,0.9446945,-1.3648607,-0.16572967,1.4797517,-0.94537365,0.05489084,-0.20159945,0.8896761,1.8779632,-0.56352544,-0.24679035,0.6106139,0.37549898,-0.8497671,0.9048699,-1.2484577,0.18497887,0.20898584
TCGA-HQ-A5ND,-0.9363388,-1.7781229,-2.1104934,1.6247408,0.4257814,-1.5653554,-0.14948651,-0.29767317,-1.7554129,-0.7956598,-1.1804919,0.094948836,-0.16664484,-0.99141765,-2.3860044,-2.4330466,-0.7805805,-2.2750137,-1.6254778,-0.42767185,0.0878183,2.4452245
TCGA-HQ-A5NE,0.2340459,0.28746745,-1.0767506,0.6526883,0.78072476,-2.0630162,0.33781043,1.1776646,-1.722289,-0.38937363,0.19939825,0.29041734,1.683808,-0.6788082,-0.07424447,-0.18363126,0.051405683,-0.5507404,0.6973245,-0.85713273,0.67430204,0.9770137
TCGA-K4-A3WS,-0.80192935,-0.14301738,-0.47795403,0.7444727,-0.28633088,-0.18260163,0.5531162,-0.4536108,-0.21127614,0.52322185,-0.5476146,-0.56829125,0.09489685,-0.3512458,-0.38857093,-0.33257928,-0.0058072805,-0.89532924,-0.6766154,-0.5813355,-0.08429054,0.68262196
TCGA-K4-A3WU,-1.156933,-0.08204423,-1.024014,1.259511,-0.08386612,-0.17756729,0.7654099,-0.66980433,-0.4053581,0.65029764,-0.48687345,-0.96136653,0.112731054,-0.8444997,-0.974501,-0.40051785,0.06764421,-1.8196062,-1.1284267,-1.3705103,-0.035013027,0.93075716
TCGA-K4-A3WV,-0.6819346,0.3986754,-0.4800846,0.6008897,-0.0064029098,-0.2723433,0.6858965,-0.05057739,-0.16999418,0.72565854,-0.1605002,-0.60717094,0.6560227,-0.5470425,-0.15236521,0.37508154,0.18954441,-0.9965846,-0.3218101,-1.325156,0.069769196,0.33330703
TCGA-K4-A4AB,-0.50354433,-0.91419,-0.43136704,0.24567023,0.6305063,-0.9371108,-0.5782588,0.80610085,-0.84929866,-0.14415833,-0.88886297,1.01711,0.8037201,-0.5222398,-1.1231906,-0.3113059,-0.39801273,-1.1032034,-0.27748126,-0.6755926,-0.12692451,0.9861494
TCGA-K4-A4AC,-0.16613294,0.04712459,-0.25461197,0.4482914,-0.042301685,-0.85465425,0.2277976,0.24186651,-0.6253957,0.025440782,-0.29202878,0.13802254,0.6571336,-0.20630378,0.036570236,-0.28954762,-0.21260864,-0.18982944,0.09896575,-0.20091382,0.21366751,0.76635605
TCGA-K4-A54R,-0.45341083,-0.71045154,-0.56434035,0.38561845,0.8460258,-1.3445553,-0.50285095,1.1037232,-1.1515661,-0.20522979,-0.74876165,0.968744,1.0800811,-0.6185765,-1.0284331,-0.21604924,-0.3942002,-0.9819383,-0.09143919,-0.78865844,0.039183445,1.073503
TCGA-K4-A5RH,0.46858194,0.47837105,-2.6379902,1.6253839,1.7201396,-3.6723044,0.70208627,1.8311131,-3.40492,-1.1060305,0.9067333,-0.07657663,2.6297834,-1.5036769,-0.57601166,-0.69029623,0.09769118,-1.5455073,0.97399324,-1.9058809,1.3257957,1.813408
TCGA-K4-A5RI,-0.29265487,-0.3291557,-0.33892584,0.26164246,0.3991184,-0.94627327,-0.1136916,0.66584086,-0.7086239,-0.027642846,-0.5073454,0.5416781,0.83068454,-0.33875814,-0.43188718,-0.11037995,-0.23954965,-0.528249,0.030651718,-0.5278046,0.104419425,0.7333887
TCGA-K4-A5RJ,0.12298754,0.13296077,-1.3647095,0.9743158,0.78346467,-2.144616,0.3854066,0.94487906,-1.9345402,-0.5902343,0.25220194,0.061800458,1.4766256,-0.7708442,-0.31351396,-0.50713587,-0.12162484,-0.8343254,0.45119125,-0.9274509,0.73180926,1.277724
TCGA-K4-A6FZ,-0.0920406,0.117584825,-0.3373144,0.39827952,0.16726416,-1.0582688,0.23324491,0.50672853,-0.7661009,-0.019426376,-0.2199809,0.21213266,0.9183816,-0.2762765,0.045615107,-0.12331469,-0.14844279,-0.21208322,0.2615775,-0.35698217,0.2849055,0.7215837
TCGA-K4-A6MB,0.059095472,0.14885381,-0.5447117,-0.18804967,0.9472027,-1.3815465,-0.04544896,1.464446,-0.94975376,0.08639288,-0.11340353,0.79817396,1.9360045,-0.5661522,-0.1804646,0.6276689,0.4399515,-0.8736358,0.9612767,-1.3346953,0.25579536,0.146755
TCGA-K4-A83P,-0.46412063,-0.5870076,-0.81389177,0.75279236,0.14171311,-0.86338574,0.1174463,0.01311807,-0.8315414,-0.24261841,-0.5699688,0.14256424,0.2714744,-0.4669694,-0.7720151,-0.842569,-0.3372035,-0.9227684,-0.48291153,-0.40527904,0.150758,1.1811006
TCGA-K4-AAQO,-0.36406595,-0.32644716,0.06538618,-0.2281521,0.26508394,-0.41051513,-0.24631923,0.636607,-0.1406197,0.31221268,-0.67162764,0.7028997,0.85608256,-0.213857,-0.2827686,0.25378922,-0.020623028,-0.54109085,0.15791968,-0.58586055,-0.18577066,0.28312576
TCGA-KQ-A41N,-0.30203044,-0.059262257,0.122166805,-0.04287699,-0.12394581,-0.26987702,0.054055944,0.22332485,0.014109194,0.3357418,-0.51860434,0.30498573,0.54783726,-0.07757335,0.07735264,0.08297627,-0.093115784,-0.18022063,0.07856126,-0.26023299,-0.056490593,0.33260086
TCGA-KQ-A41O,0.045255214,0.28672156,-0.10500655,-0.6530601,0.45307353,-0.90937495,-0.08997488,1.3215933,-0.3322303,0.42124024,-0.26621786,0.87751585,1.9112908,-0.32868645,0.13391644,0.8269003,0.57161283,-0.6174772,1.1439588,-1.0392992,0.0046237335,-0.14946103
TCGA-KQ-A41P,-0.082705736,0.048373763,-0.38991225,0.22030827,0.33442995,-1.0308329,0.1419655,0.6679859,-0.7234696,0.016335905,-0.22097039,0.33754405,0.99797463,-0.31256554,-0.017451063,0.019708388,-0.008755773,-0.37768468,0.32708454,-0.58803004,0.26603293,0.5378849
TCGA-KQ-A41Q,0.08047056,0.29186085,-0.5214575,0.11396313,0.49492708,-1.2215889,0.27285025,0.9432558,-0.8163613,0.023680419,0.0053595603,0.34628806,1.4189768,-0.40817216,0.13376698,0.27310833,0.23886025,-0.44596243,0.71231204,-0.89807194,0.36776173,0.34443545
TCGA-KQ-A41R,0.0059576333,0.51024646,-0.3653954,-0.40668076,0.6094166,-0.9646761,0.16094336,1.2533487,-0.3918669,0.40393895,-0.045828402,0.5577731,1.8948573,-0.49598083,0.039431036,0.91900295,0.50100577,-0.85397726,1.0194253,-1.4884672,0.24476913,-0.15416086
TCGA-KQ-A41S,-0.5914384,-0.819206,-1.3685945,1.087944,0.4981765,-1.2004052,0.10194066,0.11425142,-1.2922604,-0.43309745,-0.5726081,0.13239428,0.37279874,-0.83517015,-1.3140097,-1.1151147,-0.3589275,-1.546723,-0.6844285,-0.83626366,0.20722383,1.5610986
TCGA-LC-A66R,-0.5879296,-0.542698,-0.33383104,0.5798402,-0.05105874,-0.69970155,-0.0872888,-0.040672977,-0.57757527,-0.024965674,-0.9097147,0.23739792,0.15768602,-0.18762892,-0.5834024,-0.7980452,-0.60184985,-0.49476397,-0.4189281,0.008104458,-0.07180389,1.1272762
TCGA-LT-A5Z6,-0.22617093,-0.08533548,0.13814692,-0.5262678,0.29156485,-0.4898709,-0.26960063,0.90126187,-0.09422951,0.48286235,-0.58127433,0.8562448,1.2928902,-0.22549626,-0.09049079,0.58871067,0.25628868,-0.5143847,0.5929133,-0.6556284,-0.20907319,0.061743468
TCGA-LT-A8JT,-0.11842063,0.31308666,0.26810667,-1.0585699,0.20443138,-0.4531839,-0.23236042,1.228292,0.2009477,0.7580267,-0.48485216,0.98824686,1.8527863,-0.19893461,0.22436303,1.0343485,0.6558869,-0.5748794,1.1798906,-0.96020657,-0.22735238,-0.40036792
TCGA-MV-A51V,-0.1287264,-0.11585094,-0.06970493,-0.16354188,0.23874936,-0.76690906,-0.13200176,0.7612207,-0.42057866,0.16139252,-0.43000633,0.6465678,1.0771546,-0.20380062,-0.0024793148,0.2735605,0.11798692,-0.34258443,0.45074934,-0.47292328,-0.021202229,0.3235584
TCGA-PQ-A6FI,-0.103697166,0.1384711,-0.49034464,0.5255163,0.31819454,-1.2125404,0.25431356,0.6035134,-0.9455017,-0.06869742,-0.17013447,0.183868,1.0257416,-0.38731116,-0.061190844,-0.141864,-0.16501887,-0.38882095,0.252365,-0.52599853,0.33195496,0.81509495
TCGA-R3-A69X,-0.76944935,-1.243799,-1.0696375,0.91820484,0.49738392,-1.0827465,-0.33557016,0.21337123,-1.1202539,-0.4381825,-1.0708209,0.56347847,0.20884138,-0.7403496,-1.7230502,-1.233342,-0.7158966,-1.5527421,-0.9942207,-0.53920573,-0.02532744,1.6928451
TCGA-S5-A6DX,0.039471865,0.20725444,-0.30958414,-0.084250376,0.42122224,-1.0404426,0.109866984,0.935803,-0.63845074,0.13968948,-0.14452395,0.5016301,1.4267927,-0.3344889,0.10558875,0.37111595,0.26127157,-0.45604515,0.7068867,-0.799079,0.22142059,0.24175481
TCGA-S5-AA26,0.066690594,0.396597,-0.24096656,-0.88049656,0.8564992,-1.1074907,-0.1485585,1.7862163,-0.4428537,0.5192839,-0.20454228,1.0964413,2.4565845,-0.50748247,-0.031129643,1.1838579,0.8143213,-0.9977214,1.4714302,-1.591624,0.05335719,-0.3831836
TCGA-UY-A78K,-0.32686847,-0.65866876,-1.1255145,0.2826219,1.8854446,-2.157407,-0.7264591,2.1521242,-1.9111304,-0.33273384,-0.6220808,1.4371992,2.1440895,-1.1445098,-1.4493754,0.10628182,-0.032595158,-1.73777,0.4393376,-1.8082039,0.1644856,1.024942
TCGA-UY-A78L,-0.42801395,-0.71354985,-0.8882983,0.41549605,1.4210868,-1.7839949,-0.64530796,1.6426941,-1.5838875,-0.30910465,-0.7383282,1.2125925,1.589151,-0.9412837,-1.3484817,-0.12270248,-0.28805682,-1.4228244,0.084591135,-1.326385,0.113356,1.1479893
TCGA-UY-A78M,0.089797676,0.29170448,-0.49747193,0.081604406,0.52008164,-1.2331705,0.22258058,0.96276706,-0.8359088,0.028320879,-0.005430311,0.3855179,1.4485062,-0.4073143,0.12641928,0.2935178,0.25551137,-0.48378524,0.72539216,-0.90864545,0.36244124,0.32989365
TCGA-UY-A78N,-0.42038742,-0.51293516,-0.57711244,0.022522599,1.4150759,-1.4200118,-0.64956075,1.6999677,-1.1550814,-0.013017774,-0.7397294,1.2563046,1.767207,-0.8574749,-1.1137733,0.35061702,-0.045224898,-1.4063535,0.33550924,-1.5557625,-0.00652986,0.6287987
TCGA-UY-A78O,-0.48953035,-0.5629451,0.017059539,0.06454696,0.2220709,-0.3954479,-0.3307237,0.46120507,-0.24256593,0.13980187,-0.83370376,0.7189196,0.5467016,-0.24229035,-0.5616665,-0.015675258,-0.3050874,-0.6347666,-0.20978768,-0.4671694,-0.19014433,0.55670637
TCGA-UY-A8OB,-0.2502911,-0.38599327,-0.76398647,0.5625719,0.8792919,-1.728026,-0.22084329,1.1711334,-1.4763552,-0.33418223,-0.43921676,0.7108823,1.3345226,-0.6348994,-0.75336075,-0.24893223,-0.34201115,-0.78273433,0.17585827,-0.7723876,0.2652647,1.1802251
TCGA-UY-A8OC,-0.29666647,-0.31194183,-0.5363346,0.41918045,0.68343675,-1.2949965,-0.16102672,0.9708055,-1.0334367,-0.12375718,-0.48074752,0.6390148,1.1085869,-0.5349313,-0.6027359,-0.11021733,-0.2898718,-0.6923371,0.09088515,-0.74890333,0.17961136,0.9150572
TCGA-UY-A8OD,-0.7325516,-1.1209238,-0.878949,0.7881367,0.33086523,-0.9212563,-0.26221573,0.11214273,-0.91060543,-0.31982747,-1.0504807,0.4668843,0.12914416,-0.5843061,-1.4625221,-1.1338887,-0.6849102,-1.3060507,-0.9162506,-0.38218898,-0.05259817,1.5115345
TCGA-UY-A9PD,-0.47106603,-0.6173143,-0.0972475,-0.13541809,0.7544664,-0.7200312,-0.58458513,1.0544709,-0.5231124,0.12059985,-0.867383,1.0708499,1.1280817,-0.447364,-0.8098295,0.2908031,-0.1366567,-0.9481537,0.10033186,-0.93154025,-0.204137,0.45645648
TCGA-XF-A8HB,-0.2592413,-0.5013338,-0.57164204,-0.32528764,1.7642767,-1.7076236,-0.8359658,2.2668161,-1.2889884,0.015840739,-0.6603049,1.6251006,2.4103503,-0.90936685,-1.0865073,0.8296394,0.28011453,-1.5222049,0.8293535,-1.8176155,-0.11399097,0.33639538
TCGA-XF-A8HC,-0.2457695,-0.48515823,-0.40843108,-0.4530028,1.394712,-1.2417971,-0.6666332,1.8380417,-0.90561676,0.12905435,-0.63437104,1.4297975,2.034341,-0.70464575,-0.8825035,0.78888124,0.35686156,-1.3723639,0.7717065,-1.6234102,-0.15551957,0.11574444
TCGA-XF-A8HD,-0.2801599,-0.559463,-1.0361428,0.6915812,1.0462391,-1.9232502,-0.28884357,1.2267712,-1.7085189,-0.47192648,-0.43521252,0.7717848,1.3592969,-0.7901678,-1.0355394,-0.464588,-0.40010673,-1.0578858,0.050932527,-0.9205435,0.31121075,1.374023
TCGA-XF-A8HE,-1.4039019,-1.0368395,-0.3785737,0.8357634,-0.018126518,-0.53947747,-0.36125576,-0.27860123,-0.45504487,0.3040775,-1.8755813,0.24996275,-0.3846374,-0.1420227,-1.3004153,-1.354513,-1.1623218,-0.8180607,-1.0829141,0.1938965,-0.532828,1.5138566
TCGA-XF-A8HF,-0.45744792,-0.5235184,-0.14805767,0.10540504,0.42738393,-0.65383303,-0.33416826,0.65796757,-0.47563565,0.08215167,-0.75546706,0.74354994,0.7316419,-0.33894935,-0.6261872,-0.021885995,-0.2518496,-0.731726,-0.10618223,-0.6105375,-0.08940333,0.6396705
TCGA-XF-A8HG,-0.4045178,-0.5652983,0.047722004,-0.4249602,0.68186784,-0.5984453,-0.61594486,1.1116942,-0.32041478,0.27577293,-0.84738064,1.1785251,1.2472034,-0.3635468,-0.64198303,0.5261012,0.07068604,-0.92009515,0.2965309,-0.9111259,-0.33144102,0.19827747
TCGA-XF-A8HH,-0.6213101,-0.8212817,-0.3513279,0.38173622,0.33930454,-0.5911985,-0.34938508,0.36513534,-0.5370851,-0.04705429,-0.97174156,0.6696737,0.41227353,-0.4615165,-1.042805,-0.4438922,-0.4963611,-0.99161494,-0.5617483,-0.4885965,-0.1450229,0.9893845
TCGA-XF-A8HI,-0.2985724,-0.18305776,0.24479178,-0.97762245,0.5958594,-0.54461426,-0.65041655,1.4432954,-0.013849191,0.64206916,-0.7660676,1.3773025,1.8045398,-0.3354338,-0.30096516,1.0281188,0.45708427,-0.8779492,0.8691276,-1.0601223,-0.4361292,-0.1772896
TCGA-XF-A9SG,-0.3223235,-0.7199741,-1.3575468,1.0342059,0.7694142,-1.8662512,-0.08477855,0.64712423,-1.849564,-0.75898314,-0.38642204,0.44390857,0.8668077,-0.81769973,-1.1955829,-1.0403582,-0.5028361,-1.3053843,-0.24165007,-0.72243124,0.3926189,1.7197592
TCGA-XF-A9SH,-0.49097127,-0.6033923,0.1986137,-0.41132313,0.4913313,-0.393952,-0.6682046,0.9163963,-0.15045533,0.33529952,-0.97836506,1.1792098,1.0449188,-0.30939716,-0.6316118,0.43938607,-0.04109043,-0.8600123,0.113746405,-0.75553584,-0.441166,0.25128505
TCGA-XF-A9SI,0.12325969,-0.08050901,-2.1890388,1.5782249,0.8807901,-2.6262827,0.577477,0.75828314,-2.6087751,-0.96066785,0.44566742,-0.18556142,1.4538924,-1.1340739,-0.7158811,-1.1672394,-0.058778383,-1.4003857,0.25590742,-1.1152079,0.92106485,1.880127
TCGA-XF-A9SJ,-0.09502682,-0.19104883,-0.7789482,0.44262004,0.79077077,-1.63151,-0.06665483,1.1165203,-1.3496596,-0.24200246,-0.2563117,0.6158833,1.3685993,-0.6014206,-0.4809356,-0.15113401,-0.10572819,-0.7143283,0.33840638,-0.82268155,0.33534843,0.9331784
TCGA-XF-A9SK,-0.3100131,-0.16911161,-0.57192373,0.6175097,-0.08090727,-0.72160846,0.36703888,-0.03020762,-0.6231319,-0.025262743,-0.31332225,-0.084253795,0.35963365,-0.27220482,-0.18666875,-0.49821725,-0.126926,-0.48817357,-0.17582071,-0.31599435,0.2020272,0.83422834
TCGA-XF-A9SL,-1.051233,-1.6352148,-1.4445169,1.2028441,0.42996392,-1.09447,-0.33404404,-0.12422049,-1.1790951,-0.44012424,-1.4188836,0.38989255,-0.16241291,-0.83206356,-2.201251,-1.8410873,-0.8575002,-1.9705206,-1.5245998,-0.42004532,-0.15475109,2.0238862
TCGA-XF-A9SM,0.15470248,0.11975381,-1.5281626,0.98959833,1.112845,-2.5178595,0.2667188,1.3367951,-2.2302022,-0.672142,0.23853102,0.28584775,1.8140417,-0.94307923,-0.47536746,-0.44242898,-0.12588632,-0.968284,0.563611,-1.1511567,0.77564245,1.3886607
TCGA-XF-A9SP,-0.44601804,-0.54477865,-0.69344294,0.6406193,0.22632268,-0.843818,0.051811725,0.13685718,-0.7983092,-0.20484266,-0.56266266,0.25614274,0.36088786,-0.46596533,-0.7307651,-0.67756534,-0.32642975,-0.8684425,-0.38544816,-0.45387447,0.12570116,1.1150069
TCGA-XF-A9ST,-0.73861986,-1.2198427,-1.8013226,1.421082,0.35229543,-1.3039811,0.10576539,-0.21708862,-1.4689925,-0.5784764,-0.7857385,-0.06962968,0.063222915,-0.9169742,-1.7704512,-1.7781199,-0.50186205,-1.8972758,-1.1764023,-0.64933926,0.18012482,1.9805932
TCGA-XF-A9SV,-0.538003,-0.6474401,-0.8141662,0.7130517,0.21459645,-0.770582,0.056743145,0.01608197,-0.7461918,-0.15848666,-0.6660929,0.18029803,0.23981103,-0.53569984,-0.91508734,-0.821578,-0.3547402,-1.0642952,-0.5974212,-0.513982,0.086458795,1.179823
TCGA-XF-A9SW,-0.19649935,-0.04009008,-0.45770788,0.43067983,0.17099139,-0.9095171,0.22671467,0.32661906,-0.7116623,-0.021660984,-0.2449126,0.15181307,0.7021371,-0.3138279,-0.113441795,-0.2561241,-0.0996096,-0.444715,0.07817632,-0.44528252,0.26068768,0.7373024
TCGA-XF-A9SX,-0.49665716,-0.80850405,-1.4041653,1.1503539,0.43511882,-1.3605846,0.10235113,0.09587276,-1.4454552,-0.56520927,-0.49865264,0.10769842,0.4156534,-0.7777176,-1.2116947,-1.2453871,-0.3693682,-1.428642,-0.5884597,-0.66502315,0.26574758,1.6474818
TCGA-XF-A9SY,-1.4581347,-0.8799066,-0.95013857,1.3020463,-0.33985978,-0.61080927,0.20573123,-0.78197277,-0.6659819,0.39696297,-1.5944506,-0.54586446,-0.63087213,-0.18755311,-1.099446,-1.7702132,-0.760872,-1.0000738,-1.3190389,0.20874709,-0.3734693,1.6091378
TCGA-XF-A9SZ,-0.56124604,-0.7800478,-0.2922669,0.3016863,0.47340152,-0.73893803,-0.46156758,0.6069152,-0.65797657,-0.08429584,-0.9112518,0.8236622,0.60284877,-0.4556129,-0.9865333,-0.29251447,-0.46549323,-0.90630376,-0.34760672,-0.5538267,-0.09944562,0.9388229
TCGA-XF-A9T0,-0.7734159,-0.6869714,-0.1582185,0.5009553,0.014015079,-0.44649082,-0.2443552,0.041144345,-0.32477802,0.1392414,-1.1488744,0.4350983,0.08181709,-0.22469252,-0.832016,-0.6406351,-0.70684123,-0.63489574,-0.6244511,-0.1228016,-0.23367807,1.0431049
TCGA-XF-A9T2,0.28430113,0.75613487,-1.2238529,0.39814168,1.2443259,-2.112321,0.4894266,1.6837707,-1.621267,-0.12609959,0.4518052,0.27200514,2.324703,-0.89640164,0.010934666,0.4788985,0.46298066,-0.9460856,1.2200732,-1.7883265,0.79531705,0.45607084
TCGA-XF-A9T3,-0.17122966,-0.23455879,-1.254334,0.95332825,0.6261722,-1.6845838,0.25044867,0.60951024,-1.5596172,-0.4528496,-0.10935897,0.15218516,1.0073978,-0.75491786,-0.65702593,-0.67840964,-0.20744056,-1.0264313,-0.0001334697,-0.83674496,0.46555406,1.3329377
TCGA-XF-A9T4,-0.395093,-0.6000973,-0.5935857,0.3959703,0.84243786,-1.3791312,-0.4139105,1.0947584,-1.1623764,-0.182704,-0.6490085,0.8941201,1.121559,-0.61651194,-0.92175746,-0.20951794,-0.3298846,-0.9589768,-0.024391606,-0.8149183,0.07807468,1.0473729
TCGA-XF-A9T5,-0.080396995,-0.06459689,-0.5442413,0.371511,0.54504263,-1.4056501,-0.008270502,0.89578426,-1.0978805,-0.14183524,-0.25521886,0.49715894,1.1767888,-0.43309483,-0.23088962,-0.10179953,-0.09616195,-0.49062833,0.31130403,-0.5959363,0.31063634,0.80151296
TCGA-XF-A9T6,-0.2091189,0.15934089,-0.20385918,0.3694622,-0.06381595,-0.65080935,0.36949596,0.18303275,-0.41744438,0.17168167,-0.2543392,-0.0043986216,0.5965276,-0.14626533,0.12755767,-0.07925296,-0.12935925,-0.18192732,0.08265634,-0.32097074,0.19677949,0.55678415
TCGA-XF-A9T8,-1.2598636,-0.92506063,-0.20626408,0.72179854,0.0015239269,-0.50477403,-0.40611547,-0.14481886,-0.39981598,0.29058635,-1.7271907,0.38793397,-0.2377933,-0.114684336,-1.1650698,-1.1329048,-1.1096072,-0.71007746,-0.91257703,0.14499187,-0.47672546,1.3866482
TCGA-XF-AAME,-0.5051185,-0.24615267,0.059790444,0.2936985,-0.18178429,-0.34783226,0.006431684,0.0015786123,-0.15879697,0.22566557,-0.7523212,0.24633574,0.2216379,-0.020995852,-0.19506583,-0.31546396,-0.44377923,-0.17221472,-0.19941124,-0.031092063,-0.08490835,0.7128573
TCGA-XF-AAMF,-0.9419733,-1.4072042,-2.7982047,2.11321,0.76138604,-1.7421552,0.289135,-0.30161387,-2.1593966,-0.7716465,-0.5995371,-0.38039824,0.20561993,-1.5771065,-2.6168048,-2.1966767,-0.45735973,-3.0354445,-1.5734799,-1.517107,0.3186764,2.5648975
TCGA-XF-AAMG,-0.51128644,-0.58586687,-0.47996318,0.31431523,0.9469888,-1.1569455,-0.50466025,1.1083804,-0.98301256,-0.12851804,-0.8281956,0.92358804,1.0710824,-0.6727651,-1.0385789,-0.05511846,-0.369817,-1.0828944,-0.09444459,-1.001554,0.018105045,0.91002053
TCGA-XF-AAMH,-0.38197145,-0.40272245,-0.29076707,0.20817733,0.570102,-0.9497296,-0.27972248,0.8484643,-0.69875443,0.028276056,-0.62695515,0.7227061,0.9227326,-0.42140466,-0.5820137,-0.016304947,-0.23608047,-0.69691974,0.019104809,-0.6980379,0.01899279,0.7261419
TCGA-XF-AAMJ,-0.781039,-0.75328565,-0.2221365,0.5392443,0.06585291,-0.51924086,-0.28389132,0.06981176,-0.41398865,0.07384436,-1.1622161,0.46700722,0.098878324,-0.27271,-0.92795634,-0.70139736,-0.7357402,-0.70981306,-0.66021204,-0.14073972,-0.2285476,1.1307808
TCGA-XF-AAML,-0.48426813,-0.6901576,-0.3124099,0.039200462,1.0328104,-1.0912755,-0.68769836,1.3471795,-0.8893468,-0.02621007,-0.8905295,1.2131877,1.3408399,-0.63532174,-1.0533795,0.21470407,-0.21729109,-1.1367141,0.10658519,-1.0993973,-0.13966137,0.6908475
TCGA-XF-AAMQ,0.08589843,0.13623491,-0.46021378,-0.1238423,0.793561,-1.4405018,-0.084937155,1.3747213,-0.985535,0.041592628,-0.14422765,0.7731912,1.8569455,-0.49935436,-0.062344283,0.48644862,0.35320267,-0.66319317,0.88510203,-1.050966,0.22772458,0.28063565
TCGA-XF-AAMT,-1.0813272,-1.8323697,-2.0401523,1.6117644,0.4228926,-1.4054339,-0.17321941,-0.33668253,-1.6028413,-0.6590227,-1.3347132,0.09092421,-0.24650213,-1.0056043,-2.5157578,-2.371058,-0.81593966,-2.3808227,-1.7931463,-0.49445513,-0.029262416,2.4081464
TCGA-XF-AAMW,-0.3226807,-0.4249988,-0.63472974,0.5193337,0.7380549,-1.4762383,-0.21262705,0.9988651,-1.2457904,-0.2364839,-0.51836956,0.6836872,1.138956,-0.5669475,-0.7485148,-0.25697094,-0.37476343,-0.759573,0.04342863,-0.69623137,0.19050336,1.1033096
TCGA-XF-AAMX,0.1208491,0.23963526,-0.5347329,-0.25763583,0.85763216,-1.2950397,0.0562644,1.4016404,-0.85192764,0.12257314,-0.042572707,0.7351991,1.9426429,-0.51398385,-0.07522339,0.68241954,0.5284811,-0.8590279,1.0566825,-1.362036,0.28296575,0.0085071325
TCGA-XF-AAMY,-0.50766057,-0.5894985,-0.3786376,0.37869674,0.195321,-0.5438297,-0.09759545,0.19910796,-0.46275163,0.0119096935,-0.7367922,0.41025883,0.36626512,-0.3689907,-0.7054806,-0.43354067,-0.33812317,-0.7886675,-0.41328508,-0.4333764,-0.04365489,0.86768854
TCGA-XF-AAMZ,-0.12512587,-0.014965203,-0.18279427,0.0416516,0.28443524,-0.795425,0.0402399,0.6431364,-0.48771536,0.12685244,-0.33115822,0.4342319,1.0104823,-0.2507857,-0.018840894,0.17275305,0.028086528,-0.35831723,0.34537148,-0.5579279,0.11339625,0.38072762
TCGA-XF-AAN0,-0.63103485,-0.96263444,-0.61787033,0.5816082,0.6437962,-1.0527577,-0.4866054,0.6421447,-1.0406903,-0.2886825,-0.9449353,0.8532971,0.62491405,-0.63489926,-1.3562787,-0.5982496,-0.5848615,-1.1975971,-0.51361996,-0.6257063,-0.04070718,1.3063374
TCGA-XF-AAN2,-0.2925431,-0.63188297,-0.87562245,0.507856,1.064946,-1.8223675,-0.43984336,1.3386006,-1.5975863,-0.38823506,-0.5409517,0.9597958,1.3843478,-0.7398353,-1.032151,-0.30506673,-0.31160027,-1.0573792,0.10739724,-0.90654165,0.21493089,1.224983
TCGA-XF-AAN3,-0.44450557,-0.5647935,-0.3017614,0.33975255,0.31185922,-0.79285043,-0.2121956,0.49434486,-0.65022725,-0.05775714,-0.6827743,0.59910995,0.5930221,-0.33338952,-0.6747806,-0.29140666,-0.40251827,-0.6400811,-0.21159674,-0.41660798,0.0028484687,0.8941728
TCGA-XF-AAN4,-0.6335504,-0.8969534,-0.6897633,0.7088272,0.40846083,-0.98748887,-0.25660712,0.31317016,-0.96880805,-0.311241,-0.8521857,0.5500455,0.38621908,-0.55208004,-1.209768,-0.8128867,-0.5829694,-1.1207901,-0.59564877,-0.46967247,-0.0037696958,1.3798501
TCGA-XF-AAN5,-0.33007264,-0.049066316,-0.010077782,0.29361922,-0.13898991,-0.48979062,0.14917591,0.10063672,-0.26171848,0.18843335,-0.52016276,0.1689518,0.42402425,-0.072332144,-0.00097209215,-0.19047235,-0.29877526,-0.10348161,-0.028506566,-0.12209442,0.028660536,0.63897586
TCGA-XF-AAN7,-0.21121877,-0.43911442,-1.4790635,0.50777173,1.8377523,-2.2315755,-0.3786431,1.8913409,-2.0345976,-0.4392697,-0.33901748,1.0428325,1.9967293,-1.2485551,-1.3394951,-0.123265475,-0.0007189363,-1.7498189,0.4436496,-1.8838804,0.3891583,1.1451552
TCGA-XF-AAN8,-0.5009868,-0.7438881,-0.71008044,0.6400807,0.6116053,-1.2398407,-0.27463886,0.6298496,-1.1610693,-0.36899093,-0.68955207,0.6179138,0.6963664,-0.5748952,-1.0781524,-0.61056703,-0.53989637,-1.0395821,-0.32421833,-0.61952275,0.11523389,1.2894043
TCGA-YC-A89H,-0.12929466,0.11039388,-0.10203237,0.14381629,-0.019881174,-0.7156641,0.1754277,0.42656294,-0.38687494,0.1803787,-0.29164714,0.27350542,0.8160641,-0.15992102,0.17602442,0.017452944,-0.044868447,-0.12670755,0.27599043,-0.27289015,0.15279174,0.50156343
TCGA-YC-A8S6,-0.92408264,-1.4540273,-1.1318874,0.9828171,0.42742512,-1.0269129,-0.4104035,0.043220874,-1.0706104,-0.40341207,-1.3428819,0.5489131,-0.020689368,-0.7353145,-1.9689221,-1.5124599,-0.87462366,-1.6928228,-1.2793547,-0.39790833,-0.14117622,1.8414321
TCGA-YC-A9TC,-1.7960911,-0.99292356,-1.181114,1.5591781,-0.438007,-0.571421,0.33515507,-1.0317783,-0.707962,0.5663184,-1.8170224,-0.8583706,-0.8933145,-0.19830206,-1.2736576,-2.1012735,-0.77853477,-1.199683,-1.6223199,0.24574944,-0.47132772,1.7643559
TCGA-YF-AA3M,-0.42102626,-0.3115736,-0.10698155,0.32292688,0.044009328,-0.54258585,0.002662018,0.20291705,-0.3815356,0.07339892,-0.6360066,0.31086686,0.41976523,-0.18496653,-0.33572683,-0.2564244,-0.37620318,-0.36723542,-0.16986167,-0.25562373,-0.013500344,0.7609175
TCGA-ZF-A9R0,-0.5559268,-0.74903435,-0.09312626,0.12925395,0.3967723,-0.5678952,-0.478396,0.6174806,-0.45567274,0.036564738,-0.9455695,0.8871603,0.6366471,-0.35525027,-0.85608864,-0.09175111,-0.39538127,-0.8421786,-0.28607142,-0.5355277,-0.20749104,0.73042536
TCGA-ZF-A9R1,-0.33531126,-0.39447,-0.20853302,0.004651323,0.5403131,-0.8289459,-0.28751448,0.8762854,-0.5552931,0.12526976,-0.61049175,0.7733888,1.0217404,-0.3542565,-0.48077187,0.14677303,-0.103742704,-0.68308485,0.13795097,-0.7442052,-0.043541566,0.503727
TCGA-ZF-A9R2,-0.35084933,-0.4763946,-0.22557071,-0.17373008,0.90251637,-1.0223517,-0.5368852,1.3129408,-0.6903983,0.11308202,-0.69331175,1.094883,1.4418087,-0.5103849,-0.6819736,0.42196736,-0.01248166,-0.9356292,0.32188845,-1.0552034,-0.13624567,0.42403457
TCGA-ZF-A9R9,-0.5185281,-0.6208846,0.053099744,-0.009395629,0.3118945,-0.39764062,-0.44854373,0.56487983,-0.24899948,0.16246742,-0.9075848,0.8482894,0.63355947,-0.2778542,-0.64461434,0.051726516,-0.28543365,-0.73769873,-0.19981205,-0.5506798,-0.25135604,0.5281958
TCGA-ZF-A9RD,-0.10342455,0.07725605,-0.6414104,0.5622204,0.45009825,-1.3435276,0.23373249,0.7014153,-1.0745816,-0.15212852,-0.13555938,0.22582763,1.0700735,-0.46023762,-0.18144843,-0.16674003,-0.17757836,-0.51218706,0.23103632,-0.64675045,0.38890603,0.8597241
TCGA-ZF-A9RG,-0.21665697,-0.46663067,-1.8575864,1.437434,0.6465236,-2.0441394,0.3479746,0.4030771,-2.1064696,-0.7609422,-0.014976501,-0.08443255,0.9096308,-0.9492549,-0.9860923,-1.237217,-0.20548908,-1.4325032,-0.19804613,-0.88657004,0.57687724,1.816722
TCGA-ZF-A9RM,-0.4464484,-0.6542546,-0.24117008,-0.425968,1.4513881,-1.1392956,-0.9114196,1.8664434,-0.8298786,0.14919707,-0.91409683,1.5903656,1.9804823,-0.7622858,-1.1504922,0.79547817,0.13824931,-1.4956933,0.54355437,-1.6194775,-0.28679729,0.23405614
TCGA-ZF-A9RN,0.49632308,0.92128164,-2.212108,1.0220444,1.9972823,-3.3868105,0.69944584,2.3126261,-2.9234498,-0.62927485,0.88453054,0.13792768,3.0629747,-1.4560452,-0.24168149,0.15952964,0.5112915,-1.4108229,1.4944056,-2.354014,1.2654424,1.0235604
TCGA-ZF-AA4N,-0.6797489,-0.6695101,-0.15371832,0.4584219,0.17719644,-0.6833131,-0.30499378,0.28466085,-0.5806551,0.0042874217,-1.0075531,0.54839593,0.32254422,-0.23501569,-0.8047489,-0.5194423,-0.6777233,-0.5770278,-0.4015209,-0.1825076,-0.14876741,1.1027646
TCGA-ZF-AA4T,-0.6566888,-0.7526805,-0.11029867,0.32030085,0.3052791,-0.5905992,-0.44393808,0.44839665,-0.5032557,0.0103985965,-1.0543731,0.7570316,0.45811155,-0.34501532,-0.9330387,-0.32039565,-0.6055982,-0.75468045,-0.42779458,-0.38254765,-0.20636296,0.9587974
TCGA-ZF-AA4V,-0.14380565,-0.57588214,-1.4758835,0.6860301,1.6985008,-2.5666645,-0.4581353,1.9379694,-2.3064747,-0.6358932,-0.33914682,1.1025047,2.007946,-1.1400317,-1.3112481,-0.3425494,-0.19368982,-1.4625832,0.3893559,-1.4683034,0.4345493,1.4525456
TCGA-ZF-AA4W,-1.415778,-1.1558303,-0.54440427,0.94182175,0.009673193,-0.6661891,-0.40122026,-0.3146241,-0.5927715,0.20061935,-1.921337,0.2623477,-0.4306318,-0.19328114,-1.462322,-1.5663291,-1.2306495,-0.94113594,-1.1829082,0.22563812,-0.5082937,1.6834829
TCGA-ZF-AA51,-0.48675454,-0.7113427,-0.2510989,0.13669863,0.6626421,-0.9271546,-0.54069906,0.9415957,-0.7439416,-0.04970798,-0.8620043,0.98334557,0.91440034,-0.44776377,-0.8840132,-0.020812675,-0.32599446,-0.88960654,-0.10354954,-0.7044429,-0.120009474,0.78632957
TCGA-ZF-AA52,-0.6913272,-0.67622894,-0.11838872,0.44589645,0.1143896,-0.5204903,-0.29699868,0.19313769,-0.42888746,0.04906106,-1.0394976,0.5494443,0.23801517,-0.27739665,-0.8527355,-0.50296646,-0.6718296,-0.6629966,-0.52891153,-0.2203511,-0.18129039,1.0423658
TCGA-ZF-AA53,-0.46623665,-0.6950461,-0.5547431,0.46331042,0.6933032,-1.230588,-0.39058518,0.85435003,-1.0905107,-0.22766927,-0.72283363,0.8055509,0.88635457,-0.5579749,-1.0008394,-0.35380313,-0.4576613,-0.92126125,-0.19390073,-0.64769703,0.06312997,1.1313735
TCGA-ZF-AA54,-0.26170364,-0.68336785,-1.602037,0.82630545,1.8139184,-2.5713656,-0.4807617,1.9121844,-2.3693314,-0.719439,-0.43045026,1.0800036,1.9253796,-1.2635995,-1.5847967,-0.440815,-0.37733838,-1.7000592,0.1935922,-1.6240335,0.41990224,1.6077063
TCGA-ZF-AA56,-0.56483614,-0.50989956,-0.08596093,0.305891,0.28024772,-0.6941692,-0.30713633,0.52145576,-0.5140643,0.091633916,-0.8734933,0.6373829,0.5863037,-0.26512337,-0.61864793,-0.1804449,-0.5210502,-0.4671941,-0.2039034,-0.34100428,-0.117354326,0.86412627
TCGA-ZF-AA58,-1.5288677,-1.1645119,-0.9932008,1.2693331,-0.15918049,-0.79711944,-0.10577795,-0.6871567,-0.8085855,0.20530581,-1.8898196,-0.23069945,-0.6718508,-0.22109124,-1.4750948,-2.0208426,-1.0949064,-1.1211454,-1.4320223,0.31946972,-0.43681985,1.870078
TCGA-ZF-AA5P,-0.7843611,-1.1539459,-0.8953166,0.8202812,0.35288045,-0.90601164,-0.28526407,0.101694375,-0.90060174,-0.3052838,-1.1285014,0.47036248,0.1238154,-0.63032496,-1.5387324,-1.1544824,-0.7074877,-1.3710598,-0.97527856,-0.4110854,-0.101068504,1.5580606
